Organization ID,Monitoring_Location_ID,Monitoring Location Name,Activity ID,Activity_Start_Date,Activity Type,Media,Media Subdivision,Created,Last Changed
IL_EPA_WQX,AA-01,Cache River (Old Channel),AA-01:06101992:1800:400:1:FM,1992-06-10,Field Msr/Obs,Habitat,,10/11/2022 13:08,10/11/2022 13:08
IL_EPA_WQX,AE-03,Massac Creek,AE-03:06032010:0845:550:1:FM,2010-06-03,Field Msr/Obs,Habitat,,10/11/2022 13:08,10/11/2022 13:08
IL_EPA_WQX,AE-03,Massac Creek,AE-03:07232020:1:480,2020-07-23,Field Msr/Obs,Habitat,,9/27/2022 12:52,9/27/2022 12:52
IL_EPA_WQX,AE-03,Massac Creek,AE-03:07232020:Normal,2020-07-23,Field Msr/Obs,Habitat,,10/12/2022 10:09,10/12/2022 10:09
IL_EPA_WQX,AE-03,Massac Creek,AE-03:201006030845:FM,2010-06-03,Field Msr/Obs,Habitat,,9/15/2022 12:59,9/15/2022 13:35
IL_EPA_WQX,AE-03,Massac Creek,AE-03:202007231200:FM,2020-07-23,Field Msr/Obs,Habitat,,9/15/2022 15:04,9/15/2022 15:26
IL_EPA_WQX,AEA-01,Weaver Creek,AEA-01:06032010:1215:530:1:FM,2010-06-03,Field Msr/Obs,Habitat,,10/11/2022 13:08,10/11/2022 13:08
IL_EPA_WQX,AEA-01,Weaver Creek,AEA-01:07232020:1:600,2020-07-23,Field Msr/Obs,Habitat,,9/27/2022 12:52,9/27/2022 12:52
IL_EPA_WQX,AEA-01,Weaver Creek,AEA-01:07232020:Normal,2020-07-23,Field Msr/Obs,Habitat,,10/12/2022 10:09,10/12/2022 10:09
IL_EPA_WQX,AEA-01,Weaver Creek,AEA-01:201006031215:FM,2010-06-03,Field Msr/Obs,Habitat,,9/15/2022 12:59,9/15/2022 13:35
IL_EPA_WQX,AEA-01,Weaver Creek,AEA-01:202007230900:FM,2020-07-23,Field Msr/Obs,Habitat,,9/15/2022 15:04,9/15/2022 15:26
IL_EPA_WQX,AF-02,Seven Mile Creek,AF-02:06072010:0900:530:1:FM,2010-06-07,Field Msr/Obs,Habitat,,10/11/2022 13:08,10/11/2022 13:08
IL_EPA_WQX,AF-02,Seven Mile Creek,AF-02:201006070900:FM,2010-06-07,Field Msr/Obs,Habitat,,9/15/2022 12:59,9/15/2022 13:35
IL_EPA_WQX,AH-01,Dog Creek,AH-01:06072010:1250:324:1:FM,2010-06-07,Field Msr/Obs,Habitat,,10/11/2022 13:08,10/11/2022 13:08
IL_EPA_WQX,AH-01,Dog Creek,AH-01:08062020:1:500,2020-08-06,Field Msr/Obs,Habitat,,9/27/2022 12:52,9/27/2022 12:52
IL_EPA_WQX,AH-01,Dog Creek,AH-01:08062020:Normal,2020-08-06,Field Msr/Obs,Habitat,,10/12/2022 10:09,10/12/2022 10:09
IL_EPA_WQX,AH-01,Dog Creek,AH-01:201006071250:FM,2010-06-07,Field Msr/Obs,Habitat,,9/15/2022 12:59,9/15/2022 13:35
IL_EPA_WQX,AH-01,Dog Creek,AH-01:202008060900:FM,2020-08-06,Field Msr/Obs,Habitat,,9/15/2022 15:04,9/15/2022 15:26
IL_EPA_WQX,AHA-20,Alcorn Creek,AHA-20:07282020:1:465,2020-07-28,Field Msr/Obs,Habitat,,9/27/2022 12:52,9/27/2022 12:52
IL_EPA_WQX,AHA-20,Alcorn Creek,AHA-20:07282020:Normal,2020-07-28,Field Msr/Obs,Habitat,,10/12/2022 10:09,10/12/2022 10:09
IL_EPA_WQX,AHA-20,Alcorn Creek,AHA-20:202007280900:FM,2020-07-28,Field Msr/Obs,Habitat,,9/15/2022 15:04,9/15/2022 15:26
IL_EPA_WQX,AI-02,Barren Creek,AI-02:06092005:1015:330:1:FM,2005-06-09,Field Msr/Obs,Habitat,,10/11/2022 13:08,10/11/2022 13:08
IL_EPA_WQX,AJ-08,Bay Creek,AJ-08:08012000:1410:500:1:FM,2000-08-01,Field Msr/Obs,Habitat,,10/11/2022 13:08,10/11/2022 13:08
IL_EPA_WQX,AJ-08,Bay Creek,AJ-08:08041987:2400:600:1:FM,1987-08-04,Field Msr/Obs,Habitat,,10/11/2022 13:08,10/11/2022 13:08
IL_EPA_WQX,AJ-09,Bay Creek,AJ-09:06102010:0800:445:1:FM,2010-06-10,Field Msr/Obs,Habitat,,10/11/2022 13:08,10/11/2022 13:08
IL_EPA_WQX,AJ-09,Bay Creek,AJ-09:07202000:1320:660:1:FM,2000-07-20,Field Msr/Obs,Habitat,,10/11/2022 13:08,10/11/2022 13:08
IL_EPA_WQX,AJ-09,Bay Creek,AJ-09:08031987:2400:350:1:FM,1987-08-03,Field Msr/Obs,Habitat,,10/11/2022 13:08,10/11/2022 13:08
IL_EPA_WQX,AJ-09,Bay Creek,AJ-09:08102015:1215:485:1:FM,2015-08-10,Field Msr/Obs,Habitat,,10/11/2022 13:08,10/11/2022 13:08
IL_EPA_WQX,AJ-09,Bay Creek,AJ-09:09162020:1:470,2020-09-16,Field Msr/Obs,Habitat,,9/27/2022 12:52,9/27/2022 12:52
IL_EPA_WQX,AJ-09,Bay Creek,AJ-09:09162020:Normal,2020-09-16,Field Msr/Obs,Habitat,,10/12/2022 10:09,10/12/2022 10:09
IL_EPA_WQX,AJ-09,Bay Creek,AJ-09:201006100800:FM,2010-06-10,Field Msr/Obs,Habitat,,9/15/2022 12:59,9/15/2022 13:35
IL_EPA_WQX,AJ-09,Bay Creek,AJ-09:201508101215:FM,2015-08-10,Field Msr/Obs,Habitat,,9/15/2022 12:59,9/15/2022 13:35
IL_EPA_WQX,AJ-09,Bay Creek,AJ-09:202009161245:FM,2020-09-16,Field Msr/Obs,Habitat,,9/15/2022 15:04,9/15/2022 15:26
IL_EPA_WQX,AJ-10,Bay Creek,AJ-10:08051987:2400:580:1:FM,1987-08-05,Field Msr/Obs,Habitat,,10/11/2022 13:08,10/11/2022 13:08
IL_EPA_WQX,AJ-11,Bay Creek,AJ-11:08061987:2400:600:1:FM,1987-08-06,Field Msr/Obs,Habitat,,10/11/2022 13:08,10/11/2022 13:08
IL_EPA_WQX,AJ-14,Bay Creek,AJ-14:10192000:1000:380:1:FM,2000-10-19,Field Msr/Obs,Habitat,,10/11/2022 13:08,10/11/2022 13:08
IL_EPA_WQX,AJB-01,Flat Lick Branch,AJB-01:06082010:0850:400:1:FM,2010-06-08,Field Msr/Obs,Habitat,,10/11/2022 13:08,10/11/2022 13:08
IL_EPA_WQX,AJB-01,Flat Lick Branch,AJB-01:201006080850:FM,2010-06-08,Field Msr/Obs,Habitat,,9/15/2022 12:59,9/15/2022 13:35
IL_EPA_WQX,AJD-01,Sugar Creek,AJD-01:06102010:1230:580:1:FM,2010-06-10,Field Msr/Obs,Habitat,,10/11/2022 13:08,10/11/2022 13:08
IL_EPA_WQX,AJD-01,Sugar Creek,AJD-01:201006101230:FM,2010-06-10,Field Msr/Obs,Habitat,,9/15/2022 12:59,9/15/2022 13:35
IL_EPA_WQX,AJD-15,Sugar Creek,AJD-15:08051987:2400:730:1:FM,1987-08-05,Field Msr/Obs,Habitat,,10/11/2022 13:08,10/11/2022 13:08
IL_EPA_WQX,AJE-01,Johnson Creek,AJE-01:06082010:1200:460:1:FM,2010-06-08,Field Msr/Obs,Habitat,,10/11/2022 13:08,10/11/2022 13:08
IL_EPA_WQX,AJE-01,Johnson Creek,AJE-01:201006081200:FM,2010-06-08,Field Msr/Obs,Habitat,,9/15/2022 12:59,9/15/2022 13:35
IL_EPA_WQX,AJF-01,Cedar Creek,AJF-01:06012015:0830:515:1:FM,2015-06-01,Field Msr/Obs,Habitat,,10/11/2022 13:08,10/11/2022 13:08
IL_EPA_WQX,AJF-01,Cedar Creek,AJF-01:07062005:1200:350:1:FM,2005-07-06,Field Msr/Obs,Habitat,,10/11/2022 13:08,10/11/2022 13:08
IL_EPA_WQX,AJF-01,Cedar Creek,AJF-01:08052020:1:500,2020-08-05,Field Msr/Obs,Habitat,,9/27/2022 12:52,9/27/2022 12:52
IL_EPA_WQX,AJF-01,Cedar Creek,AJF-01:08052020:Normal,2020-08-05,Field Msr/Obs,Habitat,,10/12/2022 10:09,10/12/2022 10:09
IL_EPA_WQX,AJF-01,Cedar Creek,AJF-01:201506010830:FM,2015-06-01,Field Msr/Obs,Habitat,,9/15/2022 12:59,9/15/2022 13:35
IL_EPA_WQX,AJF-01,Cedar Creek,AJF-01:202008050825:FM,2020-08-05,Field Msr/Obs,Habitat,,9/15/2022 15:04,9/15/2022 15:26
IL_EPA_WQX,AJF-02,Cedar Creek,AJF-02:07062005:0900:420:1:FM,2005-07-06,Field Msr/Obs,Habitat,,10/11/2022 13:08,10/11/2022 13:08
IL_EPA_WQX,AJF-16,Cedar Creek,AJF-16:07192000:1425:510:1:FM,2000-07-19,Field Msr/Obs,Habitat,,10/11/2022 13:08,10/11/2022 13:08
IL_EPA_WQX,AJF-16,Cedar Creek,AJF-16:08031987:2400:500:1:FM,1987-08-03,Field Msr/Obs,Habitat,,10/11/2022 13:08,10/11/2022 13:08
IL_EPA_WQX,AJFA-21,Max Creek,AJFA-21:06012015:1130:420:1:FM,2015-06-01,Field Msr/Obs,Habitat,,10/11/2022 13:08,10/11/2022 13:08
IL_EPA_WQX,AJFA-21,Max Creek,AJFA-21:07192000:1025:450:1:FM,2000-07-19,Field Msr/Obs,Habitat,,10/11/2022 13:08,10/11/2022 13:08
IL_EPA_WQX,AJFA-21,Max Creek,AJFA-21:08041987:2400:450:1:FM,1987-08-04,Field Msr/Obs,Habitat,,10/11/2022 13:08,10/11/2022 13:08
IL_EPA_WQX,AJFA-21,Max Creek,AJFA-21:201506011130:FM,2015-06-01,Field Msr/Obs,Habitat,,9/15/2022 12:59,9/15/2022 13:35
IL_EPA_WQX,AJG-17,Hayes Creek,AJG-17:07142010:1300:500:1:FM,2010-07-14,Field Msr/Obs,Habitat,,10/11/2022 13:08,10/11/2022 13:08
IL_EPA_WQX,AJG-17,Hayes Creek,AJG-17:08041987:2400:450:1:FM,1987-08-04,Field Msr/Obs,Habitat,,10/11/2022 13:08,10/11/2022 13:08
IL_EPA_WQX,AJG-17,Hayes Creek,AJG-17:201007141300:FM,2010-07-14,Field Msr/Obs,Habitat,,9/15/2022 12:59,9/15/2022 13:35
IL_EPA_WQX,AJG-18,Hayes Creek,AJG-18:07202000:0910:510:1:FM,2000-07-20,Field Msr/Obs,Habitat,,10/11/2022 13:08,10/11/2022 13:08
IL_EPA_WQX,AJG-18,Hayes Creek,AJG-18:08041987:2400:320:1:FM,1987-08-04,Field Msr/Obs,Habitat,,10/11/2022 13:08,10/11/2022 13:08
IL_EPA_WQX,AJG-18,Hayes Creek,AJG-18:08062020:1:350,2020-08-06,Field Msr/Obs,Habitat,,9/27/2022 12:52,9/27/2022 12:52
IL_EPA_WQX,AJG-18,Hayes Creek,AJG-18:08062020:Normal,2020-08-06,Field Msr/Obs,Habitat,,10/12/2022 10:09,10/12/2022 10:09
IL_EPA_WQX,AJG-18,Hayes Creek,AJG-18:202008061300:FM,2020-08-06,Field Msr/Obs,Habitat,,9/15/2022 15:04,9/15/2022 15:26
IL_EPA_WQX,AJK-01,Bay Creek Ditch,AJK-01:06162010:1355:320:1:FM,2010-06-16,Field Msr/Obs,Habitat,,10/11/2022 13:08,10/11/2022 13:08
IL_EPA_WQX,AJK-01,Bay Creek Ditch,AJK-01:08061987:2400:300:1:FM,1987-08-06,Field Msr/Obs,Habitat,,10/11/2022 13:08,10/11/2022 13:08
IL_EPA_WQX,AJK-01,Bay Creek Ditch,AJK-01:201006161355:FM,2010-06-16,Field Msr/Obs,Habitat,,9/15/2022 12:59,9/15/2022 13:35
IL_EPA_WQX,AK-02,Lusk Creek,AK-02:06172010:0850:600:1:FM,2010-06-17,Field Msr/Obs,Habitat,,10/11/2022 13:08,10/11/2022 13:08
IL_EPA_WQX,AK-02,Lusk Creek,AK-02:06192002:1000:1225:4:FM,2002-06-19,Field Msr/Obs,Habitat,,10/11/2022 13:08,10/11/2022 13:08
IL_EPA_WQX,AK-02,Lusk Creek,AK-02:07062015:1215:455:1:FM,2015-07-06,Field Msr/Obs,Habitat,,10/11/2022 13:08,10/11/2022 13:08
IL_EPA_WQX,AK-02,Lusk Creek,AK-02:07192005:1000:1000:1:FM,2005-07-19,Field Msr/Obs,Habitat,,10/11/2022 13:08,10/11/2022 13:08
IL_EPA_WQX,AK-02,Lusk Creek,AK-02:08032000:0910:1000:1:FM,2000-08-03,Field Msr/Obs,Habitat,,10/11/2022 13:08,10/11/2022 13:08
IL_EPA_WQX,AK-02,Lusk Creek,AK-02:08131986:1430:1500:1:FM,1986-08-13,Field Msr/Obs,Habitat,,10/11/2022 13:08,10/11/2022 13:08
IL_EPA_WQX,AK-02,Lusk Creek,AK-02:201006170850:FM,2010-06-17,Field Msr/Obs,Habitat,,9/15/2022 12:59,9/15/2022 13:35
IL_EPA_WQX,AK-02,Lusk Creek,AK-02:201507061215:FM,2015-07-06,Field Msr/Obs,Habitat,,9/15/2022 12:59,9/15/2022 13:35
IL_EPA_WQX,AK-04,Lusk Creek,AK-04:08141986:1400:500:1:FM,1986-08-14,Field Msr/Obs,Habitat,,10/11/2022 13:08,10/11/2022 13:08
IL_EPA_WQX,AK-07,Lusk Creek,AK-07:07162015:1215:460:1:FM,2015-07-16,Field Msr/Obs,Habitat,,10/11/2022 13:08,10/11/2022 13:08
IL_EPA_WQX,AK-07,Lusk Creek,AK-07:08032000:1240:500:1:FM,2000-08-03,Field Msr/Obs,Habitat,,10/11/2022 13:08,10/11/2022 13:08
IL_EPA_WQX,AK-07,Lusk Creek,AK-07:08121986:1500:300:1:FM,1986-08-12,Field Msr/Obs,Habitat,,10/11/2022 13:08,10/11/2022 13:08
IL_EPA_WQX,AK-07,Lusk Creek,AK-07:09222020:1:420,2020-09-22,Field Msr/Obs,Habitat,,9/27/2022 12:52,9/27/2022 12:52
IL_EPA_WQX,AK-07,Lusk Creek,AK-07:09222020:Normal,2020-09-22,Field Msr/Obs,Habitat,,10/12/2022 10:09,10/12/2022 10:09
IL_EPA_WQX,AK-07,Lusk Creek,AK-07:201507161215:FM,2015-07-16,Field Msr/Obs,Habitat,,9/15/2022 12:59,9/15/2022 13:35
IL_EPA_WQX,AK-07,Lusk Creek,AK-07:202009220830:FM,2020-09-22,Field Msr/Obs,Habitat,,9/15/2022 15:04,9/15/2022 15:26
IL_EPA_WQX,AK-12,Lusk Creek,AK-12:08141986:0930:500:1:FM,1986-08-14,Field Msr/Obs,Habitat,,10/11/2022 13:08,10/11/2022 13:08
IL_EPA_WQX,AL-01,Big Grand Pierre Creek,AL-01:06092010:1000:600:1:FM,2010-06-09,Field Msr/Obs,Habitat,,10/11/2022 13:08,10/11/2022 13:08
IL_EPA_WQX,AL-01,Big Grand Pierre Creek,AL-01:07052005:1300:410:1:FM,2005-07-05,Field Msr/Obs,Habitat,,10/11/2022 13:08,10/11/2022 13:08
IL_EPA_WQX,AL-01,Big Grand Pierre Creek,AL-01:08022000:0930:530:1:FM,2000-08-02,Field Msr/Obs,Habitat,,10/11/2022 13:08,10/11/2022 13:08
IL_EPA_WQX,AL-01,Big Grand Pierre Creek,AL-01:08111986:1600:465:1:FM,1986-08-11,Field Msr/Obs,Habitat,,10/11/2022 13:08,10/11/2022 13:08
IL_EPA_WQX,AL-01,Big Grand Pierre Creek,AL-01:08172015:1245:550:1:FM,2015-08-17,Field Msr/Obs,Habitat,,10/11/2022 13:08,10/11/2022 13:08
IL_EPA_WQX,AL-01,Big Grand Pierre Creek,AL-01:09242020:1:415,2020-09-24,Field Msr/Obs,Habitat,,9/27/2022 12:52,9/27/2022 12:52
IL_EPA_WQX,AL-01,Big Grand Pierre Creek,AL-01:09242020:Normal,2020-09-24,Field Msr/Obs,Habitat,,10/12/2022 10:09,10/12/2022 10:09
IL_EPA_WQX,AL-01,Big Grand Pierre Creek,AL-01:201006091000:FM,2010-06-09,Field Msr/Obs,Habitat,,9/15/2022 12:59,9/15/2022 13:35
IL_EPA_WQX,AL-01,Big Grand Pierre Creek,AL-01:201508171245:FM,2015-08-17,Field Msr/Obs,Habitat,,9/15/2022 12:59,9/15/2022 13:35
IL_EPA_WQX,AL-01,Big Grand Pierre Creek,AL-01:202009240845:FM,2020-09-24,Field Msr/Obs,Habitat,,9/15/2022 15:04,9/15/2022 15:26
IL_EPA_WQX,AL-03,Big Grand Pierre Creek,AL-03:08121986:1000:1050:1:FM,1986-08-12,Field Msr/Obs,Habitat,,10/11/2022 13:08,10/11/2022 13:08
IL_EPA_WQX,AL-13,Big Grand Pierre Creek,AL-13:08111986:1530:472:1:FM,1986-08-11,Field Msr/Obs,Habitat,,10/11/2022 13:08,10/11/2022 13:08
IL_EPA_WQX,ALA-11,Little Grand Pierre Creek,ALA-11:06022015:0845:490:1:FM,2015-06-02,Field Msr/Obs,Habitat,,10/11/2022 13:08,10/11/2022 13:08
IL_EPA_WQX,ALA-11,Little Grand Pierre Creek,ALA-11:06162005:1315:410:1:FM,2005-06-16,Field Msr/Obs,Habitat,,10/11/2022 13:08,10/11/2022 13:08
IL_EPA_WQX,ALA-11,Little Grand Pierre Creek,ALA-11:201506020845:FM,2015-06-02,Field Msr/Obs,Habitat,,9/15/2022 12:59,9/15/2022 13:35
IL_EPA_WQX,AN-01,Threemile Creek,AN-01:05252010:1000:450:1:FM,2010-05-25,Field Msr/Obs,Habitat,,10/11/2022 13:08,10/11/2022 13:08
IL_EPA_WQX,AN-01,Threemile Creek,AN-01:201005251000:FM,2010-05-25,Field Msr/Obs,Habitat,,9/15/2022 12:59,9/15/2022 13:35
IL_EPA_WQX,AO-02,Big Creek,AO-02:08121986:1200:1000:1:FM,1986-08-12,Field Msr/Obs,Habitat,,10/11/2022 13:08,10/11/2022 13:08
IL_EPA_WQX,AO-02,Big Creek,AO-02:10192000:1400:290:1:FM,2000-10-19,Field Msr/Obs,Habitat,,10/11/2022 13:08,10/11/2022 13:08
IL_EPA_WQX,AO-03,Big Creek,AO-03:06232010:0915:500:1:FM,2010-06-23,Field Msr/Obs,Habitat,,10/11/2022 13:08,10/11/2022 13:08
IL_EPA_WQX,AO-03,Big Creek,AO-03:06282005:0900:700:1:FM,2005-06-28,Field Msr/Obs,Habitat,,10/11/2022 13:08,10/11/2022 13:08
IL_EPA_WQX,AO-03,Big Creek,AO-03:07062015:0900:450:1:FM,2015-07-06,Field Msr/Obs,Habitat,,10/11/2022 13:08,10/11/2022 13:08
IL_EPA_WQX,AO-03,Big Creek,AO-03:08032000:1540:400:1:FM,2000-08-03,Field Msr/Obs,Habitat,,10/11/2022 13:08,10/11/2022 13:08
IL_EPA_WQX,AO-03,Big Creek,AO-03:08121986:1130:1500:1:FM,1986-08-12,Field Msr/Obs,Habitat,,10/11/2022 13:08,10/11/2022 13:08
IL_EPA_WQX,AO-03,Big Creek,AO-03:09162020:1:535,2020-09-16,Field Msr/Obs,Habitat,,9/27/2022 12:52,9/27/2022 12:52
IL_EPA_WQX,AO-03,Big Creek,AO-03:09162020:Normal,2020-09-16,Field Msr/Obs,Habitat,,10/12/2022 10:09,10/12/2022 10:09
IL_EPA_WQX,AO-03,Big Creek,AO-03:201006230915:FM,2010-06-23,Field Msr/Obs,Habitat,,9/15/2022 12:59,9/15/2022 13:35
IL_EPA_WQX,AO-03,Big Creek,AO-03:201507060900:FM,2015-07-06,Field Msr/Obs,Habitat,,9/15/2022 12:59,9/15/2022 13:35
IL_EPA_WQX,AO-03,Big Creek,AO-03:202009160845:FM,2020-09-16,Field Msr/Obs,Habitat,,9/15/2022 15:04,9/15/2022 15:26
IL_EPA_WQX,AOA-01,Hog Thief Creek,AOA-01:06022015:1130:435:1:FM,2015-06-02,Field Msr/Obs,Habitat,,10/11/2022 13:08,10/11/2022 13:08
IL_EPA_WQX,AOA-01,Hog Thief Creek,AOA-01:08131986:1000:500:1:FM,1986-08-13,Field Msr/Obs,Habitat,,10/11/2022 13:08,10/11/2022 13:08
IL_EPA_WQX,AOA-01,Hog Thief Creek,AOA-01:201506021130:FM,2015-06-02,Field Msr/Obs,Habitat,,9/15/2022 12:59,9/15/2022 13:35
IL_EPA_WQX,AP-01,Hosick Creek,AP-01:06162015:0915:378:1:FM,2015-06-16,Field Msr/Obs,Habitat,,10/11/2022 13:08,10/11/2022 13:08
IL_EPA_WQX,AP-01,Hosick Creek,AP-01:201506160915:FM,2015-06-16,Field Msr/Obs,Habitat,,9/15/2022 12:59,9/15/2022 13:35
IL_EPA_WQX,AQ-01,Peters Creek,AQ-01:06162015:1145:510:1:FM,2015-06-16,Field Msr/Obs,Habitat,,10/11/2022 13:08,10/11/2022 13:08
IL_EPA_WQX,AQ-01,Peters Creek,AQ-01:201506161145:FM,2015-06-16,Field Msr/Obs,Habitat,,9/15/2022 12:59,9/15/2022 13:35
IL_EPA_WQX,AQ-02,Peters Creek,AQ-02:06162005:0920:444:1:FM,2005-06-16,Field Msr/Obs,Habitat,,10/11/2022 13:08,10/11/2022 13:08
IL_EPA_WQX,AR-01,Haney Creek,AR-01:07052005:0930:475:1:FM,2005-07-05,Field Msr/Obs,Habitat,,10/11/2022 13:08,10/11/2022 13:08
IL_EPA_WQX,AR-01,Haney Creek,AR-01:08172015:0930:460:1:FM,2015-08-17,Field Msr/Obs,Habitat,,10/11/2022 13:08,10/11/2022 13:08
IL_EPA_WQX,AR-01,Haney Creek,AR-01:201508170930:FM,2015-08-17,Field Msr/Obs,Habitat,,9/15/2022 12:59,9/15/2022 13:35
IL_EPA_WQX,AT-01,Saline River,AT-01:07182005:1230:600:1:FM,2005-07-18,Field Msr/Obs,Habitat,,10/11/2022 13:08,10/11/2022 13:08
IL_EPA_WQX,AT-05,Saline River,AT-05:07082010:1140:600:1:FM,2010-07-08,Field Msr/Obs,Habitat,,10/11/2022 13:08,10/11/2022 13:08
IL_EPA_WQX,AT-05,Saline River,AT-05:07131993:0950:225:1:FM,1993-07-13,Field Msr/Obs,Habitat,,10/11/2022 13:08,10/11/2022 13:08
IL_EPA_WQX,AT-05,Saline River,AT-05:07142005:1015:600:1:FM,2005-07-14,Field Msr/Obs,Habitat,,10/11/2022 13:08,10/11/2022 13:08
IL_EPA_WQX,AT-05,Saline River,AT-05:201007081140:FM,2010-07-08,Field Msr/Obs,Habitat,,9/15/2022 12:59,9/15/2022 13:35
IL_EPA_WQX,AT-07,Saline River,AT-07:09131993:1235:150:1:FM,1993-09-13,Field Msr/Obs,Habitat,,10/11/2022 13:08,10/11/2022 13:08
IL_EPA_WQX,ATB-01,Harris Creek,ATB-01:06142010:0900:410:1:FM,2010-06-14,Field Msr/Obs,Habitat,,10/11/2022 13:08,10/11/2022 13:08
IL_EPA_WQX,ATB-01,Harris Creek,ATB-01:201006140900:FM,2010-06-14,Field Msr/Obs,Habitat,,9/15/2022 12:59,9/15/2022 13:35
IL_EPA_WQX,ATBA-01,Rock Creek,ATBA-01:05262010:0930:400:1:FM,2010-05-26,Field Msr/Obs,Habitat,,10/11/2022 13:08,10/11/2022 13:08
IL_EPA_WQX,ATBA-01,Rock Creek,ATBA-01:08172020:1:360,2020-08-17,Field Msr/Obs,Habitat,,9/27/2022 12:52,9/27/2022 12:52
IL_EPA_WQX,ATBA-01,Rock Creek,ATBA-01:08172020:High,2020-08-17,Field Msr/Obs,Habitat,,10/12/2022 10:10,10/12/2022 10:10
IL_EPA_WQX,ATBA-01,Rock Creek,ATBA-01:201005260930:FM,2010-05-26,Field Msr/Obs,Habitat,,9/15/2022 12:59,9/15/2022 13:35
IL_EPA_WQX,ATBA-01,Rock Creek,ATBA-01:202008170900:FM,2020-08-17,Field Msr/Obs,Habitat,,9/15/2022 15:01,9/15/2022 15:26
IL_EPA_WQX,ATE-01,Eagle Creek,ATE-01:08011986:2400:300:1:FM,1986-08-01,Field Msr/Obs,Habitat,,10/11/2022 13:08,10/11/2022 13:08
IL_EPA_WQX,ATE-02,Eagle Creek,ATE-02:07131993:1320:500:1:FM,1993-07-13,Field Msr/Obs,Habitat,,10/11/2022 13:08,10/11/2022 13:08
IL_EPA_WQX,ATE-02,Eagle Creek,ATE-02:07181985:2400:300:1:FM,1985-07-18,Field Msr/Obs,Habitat,,10/11/2022 13:08,10/11/2022 13:08
IL_EPA_WQX,ATE-03,Eagle Creek,ATE-03:10221986:1200:450:1:FM,1986-10-22,Field Msr/Obs,Habitat,,10/11/2022 13:08,10/11/2022 13:08
IL_EPA_WQX,ATE-04,Eagle Creek,ATE-04:06112015:0900:325:1:FM,2015-06-11,Field Msr/Obs,Habitat,,10/11/2022 13:08,10/11/2022 13:08
IL_EPA_WQX,ATE-04,Eagle Creek,ATE-04:08011986:2400:300:1:FM,1986-08-01,Field Msr/Obs,Habitat,,10/11/2022 13:08,10/11/2022 13:08
IL_EPA_WQX,ATE-04,Eagle Creek,ATE-04:201506110900:FM,2015-06-11,Field Msr/Obs,Habitat,,9/15/2022 12:59,9/15/2022 13:35
IL_EPA_WQX,ATE-05,Eagle Creek,ATE-05:08272020:1:315,2020-08-27,Field Msr/Obs,Habitat,,9/27/2022 12:52,9/27/2022 12:52
IL_EPA_WQX,ATE-05,Eagle Creek,ATE-05:08272020:Normal,2020-08-27,Field Msr/Obs,Habitat,,10/12/2022 10:10,10/12/2022 10:10
IL_EPA_WQX,ATE-05,Eagle Creek,ATE-05:10201986:1210:400:1:FM,1986-10-20,Field Msr/Obs,Habitat,,10/11/2022 13:08,10/11/2022 13:08
IL_EPA_WQX,ATE-05,Eagle Creek,ATE-05:202008270845:FM,2020-08-27,Field Msr/Obs,Habitat,,9/15/2022 15:01,9/15/2022 15:26
IL_EPA_WQX,ATE-06,Eagle Creek,ATE-06:08011986:2400:300:1:FM,1986-08-01,Field Msr/Obs,Habitat,,10/11/2022 13:08,10/11/2022 13:08
IL_EPA_WQX,ATE-07,Eagle Creek,ATE-07:06082015:1000:300:1:FM,2015-06-08,Field Msr/Obs,Habitat,,10/11/2022 13:08,10/11/2022 13:08
IL_EPA_WQX,ATE-07,Eagle Creek,ATE-07:07192005:1330:470:1:FM,2005-07-19,Field Msr/Obs,Habitat,,10/11/2022 13:08,10/11/2022 13:08
IL_EPA_WQX,ATE-07,Eagle Creek,ATE-07:201506081000:FM,2015-06-08,Field Msr/Obs,Habitat,,9/15/2022 12:59,9/15/2022 13:35
IL_EPA_WQX,ATEA-07,Little Eagle Creek,ATEA-07:10221986:1345:400:1:FM,1986-10-22,Field Msr/Obs,Habitat,,10/11/2022 13:08,10/11/2022 13:08
IL_EPA_WQX,ATEE-08,Rose Creek,ATEE-08:10201986:1440:400:1:FM,1986-10-20,Field Msr/Obs,Habitat,,10/11/2022 13:08,10/11/2022 13:08
IL_EPA_WQX,ATF-01,North Fork Saline River,ATF-01:06032015:1145:455:1:FM,2015-06-03,Field Msr/Obs,Habitat,,10/11/2022 13:08,10/11/2022 13:08
IL_EPA_WQX,ATF-01,North Fork Saline River,ATF-01:08272020:1:400,2020-08-27,Field Msr/Obs,Habitat,,9/27/2022 12:52,9/27/2022 12:52
IL_EPA_WQX,ATF-01,North Fork Saline River,ATF-01:08272020:Normal,2020-08-27,Field Msr/Obs,Habitat,,10/12/2022 10:10,10/12/2022 10:10
IL_EPA_WQX,ATF-01,North Fork Saline River,ATF-01:201506031145:FM,2015-06-03,Field Msr/Obs,Habitat,,9/15/2022 12:59,9/15/2022 13:35
IL_EPA_WQX,ATF-01,North Fork Saline River,ATF-01:202008271215:FM,2020-08-27,Field Msr/Obs,Habitat,,9/15/2022 15:01,9/15/2022 15:26
IL_EPA_WQX,ATF-03,North Fork Saline River,ATF-03:07082010:0900:600:1:FM,2010-07-08,Field Msr/Obs,Habitat,,10/11/2022 13:08,10/11/2022 13:08
IL_EPA_WQX,ATF-03,North Fork Saline River,ATF-03:07142005:1230:600:1:FM,2005-07-14,Field Msr/Obs,Habitat,,10/11/2022 13:08,10/11/2022 13:08
IL_EPA_WQX,ATF-03,North Fork Saline River,ATF-03:08192015:0845:410:1:FM,2015-08-19,Field Msr/Obs,Habitat,,10/11/2022 13:08,10/11/2022 13:08
IL_EPA_WQX,ATF-03,North Fork Saline River,ATF-03:09302020:1:385,2020-09-30,Field Msr/Obs,Habitat,,9/27/2022 12:52,9/27/2022 12:52
IL_EPA_WQX,ATF-03,North Fork Saline River,ATF-03:09302020:Normal,2020-09-30,Field Msr/Obs,Habitat,,10/12/2022 10:10,10/12/2022 10:10
IL_EPA_WQX,ATF-03,North Fork Saline River,ATF-03:201007080900:FM,2010-07-08,Field Msr/Obs,Habitat,,9/15/2022 12:59,9/15/2022 13:35
IL_EPA_WQX,ATF-03,North Fork Saline River,ATF-03:201508190845:FM,2015-08-19,Field Msr/Obs,Habitat,,9/15/2022 12:59,9/15/2022 13:35
IL_EPA_WQX,ATF-03,North Fork Saline River,ATF-03:202009300815:FM,2020-09-30,Field Msr/Obs,Habitat,,9/15/2022 15:01,9/15/2022 15:26
IL_EPA_WQX,ATF-04,North Fork Saline River,ATF-04:07141993:0940:400:1:FM,1993-07-14,Field Msr/Obs,Habitat,,10/11/2022 13:08,10/11/2022 13:08
IL_EPA_WQX,ATF-05,North Fork Saline River,ATF-05:06021993:0930:560:1:FM,1993-06-02,Field Msr/Obs,Habitat,,10/11/2022 13:08,10/11/2022 13:08
IL_EPA_WQX,ATF-06,North Fork Saline River,ATF-06:07131993:0920:550:1:FM,1993-07-13,Field Msr/Obs,Habitat,,10/11/2022 13:08,10/11/2022 13:08
IL_EPA_WQX,ATF-06,North Fork Saline River,ATF-06:08152000:1345:620:1:FM,2000-08-15,Field Msr/Obs,Habitat,,10/11/2022 13:08,10/11/2022 13:08
IL_EPA_WQX,ATF-07,North Fork Saline River,ATF-07:06021993:1605:350:1:FM,1993-06-02,Field Msr/Obs,Habitat,,10/11/2022 13:08,10/11/2022 13:08
IL_EPA_WQX,ATF-08,North Fork Saline River,ATF-08:07112005:1000:400:1:FM,2005-07-11,Field Msr/Obs,Habitat,,10/11/2022 13:08,10/11/2022 13:08
IL_EPA_WQX,ATF-08,North Fork Saline River,ATF-08:08192015:1215:400:1:FM,2015-08-19,Field Msr/Obs,Habitat,,10/11/2022 13:08,10/11/2022 13:08
IL_EPA_WQX,ATF-08,North Fork Saline River,ATF-08:201508191215:FM,2015-08-19,Field Msr/Obs,Habitat,,9/15/2022 12:59,9/15/2022 13:35
IL_EPA_WQX,ATF-MC-C5,North Fork Saline River,ATF-MC-C5:06251990:1700:-1:2:FM,1990-06-25,Field Msr/Obs,Habitat,,10/11/2022 13:08,10/11/2022 13:08
IL_EPA_WQX,ATF-MC-C5,North Fork Saline River,ATF-MC-C5:08281984:1415:-1:2:FM,1984-08-28,Field Msr/Obs,Habitat,,10/11/2022 13:08,10/11/2022 13:08
IL_EPA_WQX,ATFA-01,Crawford Creek,ATFA-01:07132005:1300:425:1:FM,2005-07-13,Field Msr/Obs,Habitat,,10/11/2022 13:08,10/11/2022 13:08
IL_EPA_WQX,ATFA-RD-A1,Crawford Creek,ATFA-RD-A1:06071989:1000:-1:2:FM,1989-06-07,Field Msr/Obs,Habitat,,10/11/2022 13:08,10/11/2022 13:08
IL_EPA_WQX,ATFA-RD-A1,Crawford Creek,ATFA-RD-A1:09201984:1330:-1:2:FM,1984-09-20,Field Msr/Obs,Habitat,,10/11/2022 13:08,10/11/2022 13:08
IL_EPA_WQX,ATFA-RD-C1,Crawford Creek,ATFA-RD-C1:06071989:1310:-1:2:FM,1989-06-07,Field Msr/Obs,Habitat,,10/11/2022 13:08,10/11/2022 13:08
IL_EPA_WQX,ATFA-RD-C1,Crawford Creek,ATFA-RD-C1:09201984:1430:-1:2:FM,1984-09-20,Field Msr/Obs,Habitat,,10/11/2022 13:08,10/11/2022 13:08
IL_EPA_WQX,ATFA-RD-C2,Crawford Creek,ATFA-RD-C2:06071989:1540:-1:2:FM,1989-06-07,Field Msr/Obs,Habitat,,10/11/2022 13:08,10/11/2022 13:08
IL_EPA_WQX,ATFA-RD-C2,Crawford Creek,ATFA-RD-C2:09201984:0930:-1:2:FM,1984-09-20,Field Msr/Obs,Habitat,,10/11/2022 13:08,10/11/2022 13:08
IL_EPA_WQX,ATFA-RD-C3,Crawford Creek,ATFA-RD-C3:06071989:1650:300:2:FM,1989-06-07,Field Msr/Obs,Habitat,,10/11/2022 13:08,10/11/2022 13:08
IL_EPA_WQX,ATFA-RD-C3,Crawford Creek,ATFA-RD-C3:09201984:1100:-1:2:FM,1984-09-20,Field Msr/Obs,Habitat,,10/11/2022 13:08,10/11/2022 13:08
IL_EPA_WQX,ATFC-01,Bear Creek,ATFC-01:06081993:1120:250:1:FM,1993-06-08,Field Msr/Obs,Habitat,,10/11/2022 13:08,10/11/2022 13:08
IL_EPA_WQX,ATFD-01,Brush Creek,ATFD-01:07122010:0900:420:1:FM,2010-07-12,Field Msr/Obs,Habitat,,10/11/2022 13:08,10/11/2022 13:08
IL_EPA_WQX,ATFD-01,Brush Creek,ATFD-01:201007120900:FM,2010-07-12,Field Msr/Obs,Habitat,,9/15/2022 12:59,9/15/2022 13:35
IL_EPA_WQX,ATFE-01,Rector Creek,ATFE-01:06031993:0910:540:1:FM,1993-06-03,Field Msr/Obs,Habitat,,10/11/2022 13:08,10/11/2022 13:08
IL_EPA_WQX,ATFE-01,Rector Creek,ATFE-01:07122005:1130:495:1:FM,2005-07-12,Field Msr/Obs,Habitat,,10/11/2022 13:08,10/11/2022 13:08
IL_EPA_WQX,ATFEA-01,Long Branch,ATFEA-01:07152010:0900:430:1:FM,2010-07-15,Field Msr/Obs,Habitat,,10/11/2022 13:08,10/11/2022 13:08
IL_EPA_WQX,ATFEA-01,Long Branch,ATFEA-01:201007150900:FM,2010-07-15,Field Msr/Obs,Habitat,,9/15/2022 12:59,9/15/2022 13:35
IL_EPA_WQX,ATFF-02,Contrary Creek,ATFF-02:06021993:1205:580:1:FM,1993-06-02,Field Msr/Obs,Habitat,,10/11/2022 13:08,10/11/2022 13:08
IL_EPA_WQX,ATFF-02,Contrary Creek,ATFF-02:07122005:0930:520:1:FM,2005-07-12,Field Msr/Obs,Habitat,,10/11/2022 13:08,10/11/2022 13:08
IL_EPA_WQX,ATFF-02,Contrary Creek,ATFF-02:08242020:1:415,2020-08-24,Field Msr/Obs,Habitat,,9/27/2022 12:52,9/27/2022 12:52
IL_EPA_WQX,ATFF-02,Contrary Creek,ATFF-02:08242020:High,2020-08-24,Field Msr/Obs,Habitat,,10/12/2022 10:10,10/12/2022 10:10
IL_EPA_WQX,ATFF-02,Contrary Creek,ATFF-02:202008241140:FM,2020-08-24,Field Msr/Obs,Habitat,,9/15/2022 15:01,9/15/2022 15:26
IL_EPA_WQX,ATFFA-01,Hogg Creek,ATFFA-01:07132010:0915:500:1:FM,2010-07-13,Field Msr/Obs,Habitat,,10/11/2022 13:08,10/11/2022 13:08
IL_EPA_WQX,ATFFA-01,Hogg Creek,ATFFA-01:201007130915:FM,2010-07-13,Field Msr/Obs,Habitat,,9/15/2022 12:59,9/15/2022 13:35
IL_EPA_WQX,ATFH-01,Wheeler Creek,ATFH-01:06031993:1210:420:1:FM,1993-06-03,Field Msr/Obs,Habitat,,10/11/2022 13:08,10/11/2022 13:08
IL_EPA_WQX,ATFH-01,Wheeler Creek,ATFH-01:07132005:0930:440:1:FM,2005-07-13,Field Msr/Obs,Habitat,,10/11/2022 13:08,10/11/2022 13:08
IL_EPA_WQX,ATFH-01,Wheeler Creek,ATFH-01:08242020:1:425,2020-08-24,Field Msr/Obs,Habitat,,9/27/2022 12:52,9/27/2022 12:52
IL_EPA_WQX,ATFH-01,Wheeler Creek,ATFH-01:08242020:Normal,2020-08-24,Field Msr/Obs,Habitat,,10/12/2022 10:10,10/12/2022 10:10
IL_EPA_WQX,ATFH-01,Wheeler Creek,ATFH-01:202008240900:FM,2020-08-24,Field Msr/Obs,Habitat,,9/15/2022 15:01,9/15/2022 15:26
IL_EPA_WQX,ATFI-01,Ten Mile Creek,ATFI-01:06032015:0845:525:1:FM,2015-06-03,Field Msr/Obs,Habitat,,10/11/2022 13:08,10/11/2022 13:08
IL_EPA_WQX,ATFI-01,Ten Mile Creek,ATFI-01:201506030845:FM,2015-06-03,Field Msr/Obs,Habitat,,9/15/2022 12:59,9/15/2022 13:35
IL_EPA_WQX,ATFI-MC-C4,Ten Mile Creek,ATFI-MC-C4:06251990:1600:-1:2:FM,1990-06-25,Field Msr/Obs,Habitat,,10/11/2022 13:08,10/11/2022 13:08
IL_EPA_WQX,ATFI-MC-C4,Ten Mile Creek,ATFI-MC-C4:08281984:1300:-1:2:FM,1984-08-28,Field Msr/Obs,Habitat,,10/11/2022 13:08,10/11/2022 13:08
IL_EPA_WQX,ATFI-MC-C4,Ten Mile Creek,ATFI-MC-C4:09252003:0930:100:2:FM,2003-09-25,Field Msr/Obs,Habitat,,10/11/2022 13:08,10/11/2022 13:08
IL_EPA_WQX,ATFI-MC-D1,Ten Mile Creek,ATFI-MC-D1:08281984:1135:-1:2:FM,1984-08-28,Field Msr/Obs,Habitat,,10/11/2022 13:08,10/11/2022 13:08
IL_EPA_WQX,ATFIA-MC-A1,Bear Creek,ATFIA-MC-A1:06251990:1045:-1:2:FM,1990-06-25,Field Msr/Obs,Habitat,,10/11/2022 13:08,10/11/2022 13:08
IL_EPA_WQX,ATFIA-MC-A1,Bear Creek,ATFIA-MC-A1:09242003:1215:100:2:FM,2003-09-24,Field Msr/Obs,Habitat,,10/11/2022 13:08,10/11/2022 13:08
IL_EPA_WQX,ATFIA-MC-C1,Bear Creek,ATFIA-MC-C1:06251990:1215:300:2:FM,1990-06-25,Field Msr/Obs,Habitat,,10/11/2022 13:08,10/11/2022 13:08
IL_EPA_WQX,ATFIA-MC-C1A,Bear Creek,ATFIA-MC-C1A:09242003:1500:100:2:FM,2003-09-24,Field Msr/Obs,Habitat,,10/11/2022 13:08,10/11/2022 13:08
IL_EPA_WQX,ATFIA-MC-C2,Bear Creek,ATFIA-MC-C2:09262003:0900:100:2:FM,2003-09-26,Field Msr/Obs,Habitat,,10/11/2022 13:08,10/11/2022 13:08
IL_EPA_WQX,ATFIA-MC-C3,Bear Creek,ATFIA-MC-C3:06251990:1445:-1:2:FM,1990-06-25,Field Msr/Obs,Habitat,,10/11/2022 13:08,10/11/2022 13:08
IL_EPA_WQX,ATFIA-MC-C3,Bear Creek,ATFIA-MC-C3:08281984:1105:-1:2:FM,1984-08-28,Field Msr/Obs,Habitat,,10/11/2022 13:08,10/11/2022 13:08
IL_EPA_WQX,ATFIA-MC-C3,Bear Creek,ATFIA-MC-C3:09252003:1330:100:2:FM,2003-09-25,Field Msr/Obs,Habitat,,10/11/2022 13:08,10/11/2022 13:08
IL_EPA_WQX,ATFJ-01,Cane Creek,ATFJ-01:07062015:0900:450:1:FM,2015-07-06,Field Msr/Obs,Habitat,,10/11/2022 13:08,10/11/2022 13:08
IL_EPA_WQX,ATFJ-01,Cane Creek,ATFJ-01:07112005:1200:480:1:FM,2005-07-11,Field Msr/Obs,Habitat,,10/11/2022 13:08,10/11/2022 13:08
IL_EPA_WQX,ATFJ-01,Cane Creek,ATFJ-01:201507060900:FM,2015-07-06,Field Msr/Obs,Habitat,,9/15/2022 12:59,9/15/2022 13:35
IL_EPA_WQX,ATFJ-02,Cane Creek,ATFJ-02:06081993:1435:450:1:FM,1993-06-08,Field Msr/Obs,Habitat,,10/11/2022 13:08,10/11/2022 13:08
IL_EPA_WQX,ATFJC-02,Bear Creek,ATFJC-02:07122010:1200:500:1:FM,2010-07-12,Field Msr/Obs,Habitat,,10/11/2022 13:08,10/11/2022 13:08
IL_EPA_WQX,ATFJC-02,Bear Creek,ATFJC-02:201007121200:FM,2010-07-12,Field Msr/Obs,Habitat,,9/15/2022 12:59,9/15/2022 13:35
IL_EPA_WQX,ATFJC-NC-C3,Bear Creek,ATFJC-NC-C3:06051984:2400:-1:2:FM,1984-06-05,Field Msr/Obs,Habitat,,10/11/2022 13:08,10/11/2022 13:08
IL_EPA_WQX,ATFJC-NC-C3,Bear Creek,ATFJC-NC-C3:06131990:1430:300:2:FM,1990-06-13,Field Msr/Obs,Habitat,,10/11/2022 13:08,10/11/2022 13:08
IL_EPA_WQX,ATFJC-NC-C3,Bear Creek,ATFJC-NC-C3:09031997:1500:300:2:FM,1997-09-03,Field Msr/Obs,Habitat,,10/11/2022 13:08,10/11/2022 13:08
IL_EPA_WQX,ATFJC-NC-C4,Bear Creek,ATFJC-NC-C4:09041997:1200:300:2:FM,1997-09-04,Field Msr/Obs,Habitat,,10/11/2022 13:08,10/11/2022 13:08
IL_EPA_WQX,ATFJC-NC-D1,Bear Creek,ATFJC-NC-D1:06051984:2400:-1:2:FM,1984-06-05,Field Msr/Obs,Habitat,,10/11/2022 13:08,10/11/2022 13:08
IL_EPA_WQX,ATFJC-NC-D1,Bear Creek,ATFJC-NC-D1:06131990:1645:-1:2:FM,1990-06-13,Field Msr/Obs,Habitat,,10/11/2022 13:08,10/11/2022 13:08
IL_EPA_WQX,ATFJC-NC-D1,Bear Creek,ATFJC-NC-D1:09031997:1330:300:2:FM,1997-09-03,Field Msr/Obs,Habitat,,10/11/2022 13:08,10/11/2022 13:08
IL_EPA_WQX,ATFJCA-NC-A1,Norris Creek,ATFJCA-NC-A1:06131990:1000:-1:2:FM,1990-06-13,Field Msr/Obs,Habitat,,10/11/2022 13:08,10/11/2022 13:08
IL_EPA_WQX,ATFJCA-NC-A1,Norris Creek,ATFJCA-NC-A1:09031997:0830:300:2:FM,1997-09-03,Field Msr/Obs,Habitat,,10/11/2022 13:08,10/11/2022 13:08
IL_EPA_WQX,ATFJCA-NC-C1,Norris Creek,ATFJCA-NC-C1:06131990:1140:-1:2:FM,1990-06-13,Field Msr/Obs,Habitat,,10/11/2022 13:08,10/11/2022 13:08
IL_EPA_WQX,ATFJCA-NC-C1,Norris Creek,ATFJCA-NC-C1:09031997:1000:300:2:FM,1997-09-03,Field Msr/Obs,Habitat,,10/11/2022 13:08,10/11/2022 13:08
IL_EPA_WQX,ATFJCA-NC-C2,Norris Creek,ATFJCA-NC-C2:06051984:2400:-1:2:FM,1984-06-05,Field Msr/Obs,Habitat,,10/11/2022 13:08,10/11/2022 13:08
IL_EPA_WQX,ATFJCA-NC-C2,Norris Creek,ATFJCA-NC-C2:06131990:1255:-1:2:FM,1990-06-13,Field Msr/Obs,Habitat,,10/11/2022 13:08,10/11/2022 13:08
IL_EPA_WQX,ATFJCA-NC-C2,Norris Creek,ATFJCA-NC-C2:09031997:1200:300:2:FM,1997-09-03,Field Msr/Obs,Habitat,,10/11/2022 13:08,10/11/2022 13:08
IL_EPA_WQX,ATG-02,Middle Fork Saline River,ATG-02:09142004:0830:300:2:FM,2004-09-14,Field Msr/Obs,Habitat,,10/11/2022 13:08,10/11/2022 13:08
IL_EPA_WQX,ATG-03,Middle Fork Saline River,ATG-03:06082015:1330:530:1:FM,2015-06-08,Field Msr/Obs,Habitat,,10/11/2022 13:08,10/11/2022 13:08
IL_EPA_WQX,ATG-03,Middle Fork Saline River,ATG-03:07121993:1620:600:1:FM,1993-07-12,Field Msr/Obs,Habitat,,10/11/2022 13:08,10/11/2022 13:08
IL_EPA_WQX,ATG-03,Middle Fork Saline River,ATG-03:07202005:0930:500:1:FM,2005-07-20,Field Msr/Obs,Habitat,,10/11/2022 13:08,10/11/2022 13:08
IL_EPA_WQX,ATG-03,Middle Fork Saline River,ATG-03:08152000:1620:495:1:FM,2000-08-15,Field Msr/Obs,Habitat,,10/11/2022 13:08,10/11/2022 13:08
IL_EPA_WQX,ATG-03,Middle Fork Saline River,ATG-03:09212020:1:455,2020-09-21,Field Msr/Obs,Habitat,,9/27/2022 12:52,9/27/2022 12:52
IL_EPA_WQX,ATG-03,Middle Fork Saline River,ATG-03:09212020:Normal,2020-09-21,Field Msr/Obs,Habitat,,10/12/2022 10:10,10/12/2022 10:10
IL_EPA_WQX,ATG-03,Middle Fork Saline River,ATG-03:201506081330:FM,2015-06-08,Field Msr/Obs,Habitat,,9/15/2022 12:59,9/15/2022 13:35
IL_EPA_WQX,ATG-03,Middle Fork Saline River,ATG-03:202009210830:FM,2020-09-21,Field Msr/Obs,Habitat,,9/15/2022 15:01,9/15/2022 15:26
IL_EPA_WQX,ATG-04,Middle Fork Saline River,ATG-04:06031993:1510:650:1:FM,1993-06-03,Field Msr/Obs,Habitat,,10/11/2022 13:08,10/11/2022 13:08
IL_EPA_WQX,ATG-05,Middle Fork Saline River,ATG-05:07121993:1330:600:1:FM,1993-07-12,Field Msr/Obs,Habitat,,10/11/2022 13:08,10/11/2022 13:08
IL_EPA_WQX,ATG-05,Middle Fork Saline River,ATG-05:08152000:0915:590:1:FM,2000-08-15,Field Msr/Obs,Habitat,,10/11/2022 13:08,10/11/2022 13:08
IL_EPA_WQX,ATG-HB-A1,Middle Fork Saline River,ATG-HB-A1:06281988:1030:-1:2:FM,1988-06-28,Field Msr/Obs,Habitat,,10/11/2022 13:08,10/11/2022 13:08
IL_EPA_WQX,ATG-HB-A1,Middle Fork Saline River,ATG-HB-A1:08031993:0950:200:2:FM,1993-08-03,Field Msr/Obs,Habitat,,10/11/2022 13:08,10/11/2022 13:08
IL_EPA_WQX,ATG-HB-A1,Middle Fork Saline River,ATG-HB-A1:09112000:1000:300:2:FM,2000-09-11,Field Msr/Obs,Habitat,,10/11/2022 13:08,10/11/2022 13:08
IL_EPA_WQX,ATG-HB-A1,Middle Fork Saline River,ATG-HB-A1:09132004:1300:500:2:FM,2004-09-13,Field Msr/Obs,Habitat,,10/11/2022 13:08,10/11/2022 13:08
IL_EPA_WQX,ATG-HB-C1,Middle Fork Saline River,ATG-HB-C1:06061984:1100:-1:2:FM,1984-06-06,Field Msr/Obs,Habitat,,10/11/2022 13:08,10/11/2022 13:08
IL_EPA_WQX,ATG-HB-C1,Middle Fork Saline River,ATG-HB-C1:06281988:1200:300:2:FM,1988-06-28,Field Msr/Obs,Habitat,,10/11/2022 13:08,10/11/2022 13:08
IL_EPA_WQX,ATG-HB-C1,Middle Fork Saline River,ATG-HB-C1:08031993:1200:300:2:FM,1993-08-03,Field Msr/Obs,Habitat,,10/11/2022 13:08,10/11/2022 13:08
IL_EPA_WQX,ATG-HB-C1,Middle Fork Saline River,ATG-HB-C1:09112000:1230:300:2:FM,2000-09-11,Field Msr/Obs,Habitat,,10/11/2022 13:08,10/11/2022 13:08
IL_EPA_WQX,ATG-HB-C1,Middle Fork Saline River,ATG-HB-C1:09132004:1545:100:2:FM,2004-09-13,Field Msr/Obs,Habitat,,10/11/2022 13:08,10/11/2022 13:08
IL_EPA_WQX,ATG-HB-C2,Middle Fork Saline River,ATG-HB-C2:06061984:1230:-1:2:FM,1984-06-06,Field Msr/Obs,Habitat,,10/11/2022 13:08,10/11/2022 13:08
IL_EPA_WQX,ATG-HB-C2,Middle Fork Saline River,ATG-HB-C2:06281988:1530:0:2:FM,1988-06-28,Field Msr/Obs,Habitat,,10/11/2022 13:08,10/11/2022 13:08
IL_EPA_WQX,ATG-HB-C2,Middle Fork Saline River,ATG-HB-C2:08031993:1430:200:2:FM,1993-08-03,Field Msr/Obs,Habitat,,10/11/2022 13:08,10/11/2022 13:08
IL_EPA_WQX,ATG-HB-C2,Middle Fork Saline River,ATG-HB-C2:09112000:1500:300:2:FM,2000-09-11,Field Msr/Obs,Habitat,,10/11/2022 13:08,10/11/2022 13:08
IL_EPA_WQX,ATG-HB-C3,Middle Fork Saline River,ATG-HB-C3:06061984:1730:-1:2:FM,1984-06-06,Field Msr/Obs,Habitat,,10/11/2022 13:08,10/11/2022 13:08
IL_EPA_WQX,ATG-HB-C3,Middle Fork Saline River,ATG-HB-C3:06281988:1100:300:2:FM,1988-06-28,Field Msr/Obs,Habitat,,10/11/2022 13:08,10/11/2022 13:08
IL_EPA_WQX,ATGC-01,Bankston Fork,ATGC-01:07202005:1230:500:1:FM,2005-07-20,Field Msr/Obs,Habitat,,10/11/2022 13:08,10/11/2022 13:08
IL_EPA_WQX,ATGC-02,Bankston Fork,ATGC-02:07071993:1420:300:1:FM,1993-07-07,Field Msr/Obs,Habitat,,10/11/2022 13:08,10/11/2022 13:08
IL_EPA_WQX,ATGC-11,Bankston Fork,ATGC-11:07012015:1330:455:1:FM,2015-07-01,Field Msr/Obs,Habitat,,10/11/2022 13:08,10/11/2022 13:08
IL_EPA_WQX,ATGC-11,Bankston Fork,ATGC-11:07071993:1210:450:1:FM,1993-07-07,Field Msr/Obs,Habitat,,10/11/2022 13:08,10/11/2022 13:08
IL_EPA_WQX,ATGC-11,Bankston Fork,ATGC-11:201507011330:FM,2015-07-01,Field Msr/Obs,Habitat,,9/15/2022 12:59,9/15/2022 13:35
IL_EPA_WQX,ATGH-04,Brushy Creek,ATGH-04:07071993:1120:500:1:FM,1993-07-07,Field Msr/Obs,Habitat,,10/11/2022 13:08,10/11/2022 13:08
IL_EPA_WQX,ATGH-04,Brushy Creek,ATGH-04:07072015:0830:390:1:FM,2015-07-07,Field Msr/Obs,Habitat,,10/11/2022 13:08,10/11/2022 13:08
IL_EPA_WQX,ATGH-04,Brushy Creek,ATGH-04:201507070830:FM,2015-07-07,Field Msr/Obs,Habitat,,9/15/2022 12:59,9/15/2022 13:35
IL_EPA_WQX,ATGH-09,Brushy Creek,ATGH-09:07081993:1500:400:1:FM,1993-07-08,Field Msr/Obs,Habitat,,10/11/2022 13:08,10/11/2022 13:08
IL_EPA_WQX,ATGH-10,Brushy Creek,ATGH-10:07081993:1320:300:1:FM,1993-07-08,Field Msr/Obs,Habitat,,10/11/2022 13:08,10/11/2022 13:08
IL_EPA_WQX,ATGL-EL-A1,Eldorado Creek,ATGL-EL-A1:06241987:1120:-1:2:FM,1987-06-24,Field Msr/Obs,Habitat,,10/11/2022 13:08,10/11/2022 13:08
IL_EPA_WQX,ATGL-EL-A1,Eldorado Creek,ATGL-EL-A1:08041993:0940:100:2:FM,1993-08-04,Field Msr/Obs,Habitat,,10/11/2022 13:08,10/11/2022 13:08
IL_EPA_WQX,ATGL-EL-C1,Eldorado Creek,ATGL-EL-C1:06241987:0920:-1:2:FM,1987-06-24,Field Msr/Obs,Habitat,,10/11/2022 13:08,10/11/2022 13:08
IL_EPA_WQX,ATGL-EL-C1,Eldorado Creek,ATGL-EL-C1:08041993:1120:100:2:FM,1993-08-04,Field Msr/Obs,Habitat,,10/11/2022 13:08,10/11/2022 13:08
IL_EPA_WQX,ATGL-EL-C2,Eldorado Creek,ATGL-EL-C2:06241987:1245:300:2:FM,1987-06-24,Field Msr/Obs,Habitat,,10/11/2022 13:08,10/11/2022 13:08
IL_EPA_WQX,ATGL-EL-C2,Eldorado Creek,ATGL-EL-C2:08041993:1300:100:2:FM,1993-08-04,Field Msr/Obs,Habitat,,10/11/2022 13:08,10/11/2022 13:08
IL_EPA_WQX,ATGL-EL-C3,Eldorado Creek,ATGL-EL-C3:06241987:1525:-1:2:FM,1987-06-24,Field Msr/Obs,Habitat,,10/11/2022 13:08,10/11/2022 13:08
IL_EPA_WQX,ATGL-EL-C3,Eldorado Creek,ATGL-EL-C3:08041993:1440:100:2:FM,1993-08-04,Field Msr/Obs,Habitat,,10/11/2022 13:08,10/11/2022 13:08
IL_EPA_WQX,ATGL-HB-D1,Eldorado Creek,ATGL-HB-D1:08031993:1630:100:2:FM,1993-08-03,Field Msr/Obs,Habitat,,10/11/2022 13:08,10/11/2022 13:08
IL_EPA_WQX,ATGL-HB-D1,Eldorado Creek,ATGL-HB-D1:09122000:1330:300:2:FM,2000-09-12,Field Msr/Obs,Habitat,,10/11/2022 13:08,10/11/2022 13:08
IL_EPA_WQX,ATGL-HB-D1,Eldorado Creek,ATGL-HB-D1:09142004:1200:300:2:FM,2004-09-14,Field Msr/Obs,Habitat,,10/11/2022 13:08,10/11/2022 13:08
IL_EPA_WQX,ATH-02,South Fork Saline River,ATH-02:07182005:0900:600:1:FM,2005-07-18,Field Msr/Obs,Habitat,,10/11/2022 13:08,10/11/2022 13:08
IL_EPA_WQX,ATH-05,South Fork Saline River,ATH-05:06061993:1615:300:1:FM,1993-06-06,Field Msr/Obs,Habitat,,10/11/2022 13:08,10/11/2022 13:08
IL_EPA_WQX,ATH-05,South Fork Saline River,ATH-05:07072005:0830:450:1:FM,2005-07-07,Field Msr/Obs,Habitat,,10/11/2022 13:08,10/11/2022 13:08
IL_EPA_WQX,ATH-05,South Fork Saline River,ATH-05:08102015:0815:500:1:FM,2015-08-10,Field Msr/Obs,Habitat,,10/11/2022 13:08,10/11/2022 13:08
IL_EPA_WQX,ATH-05,South Fork Saline River,ATH-05:201508100815:FM,2015-08-10,Field Msr/Obs,Habitat,,9/15/2022 12:59,9/15/2022 13:35
IL_EPA_WQX,ATH-08,South Fork Saline River,ATH-08:06171993:1420:570:1:FM,1993-06-17,Field Msr/Obs,Habitat,,10/11/2022 13:08,10/11/2022 13:08
IL_EPA_WQX,ATH-09,South Fork Saline River,ATH-09:09292020:1:385,2020-09-29,Field Msr/Obs,Habitat,,9/27/2022 12:52,9/27/2022 12:52
IL_EPA_WQX,ATH-09,South Fork Saline River,ATH-09:09292020:Normal,2020-09-29,Field Msr/Obs,Habitat,,10/12/2022 10:10,10/12/2022 10:10
IL_EPA_WQX,ATH-09,South Fork Saline River,ATH-09:202009290800:FM,2020-09-29,Field Msr/Obs,Habitat,,9/15/2022 15:01,9/15/2022 15:26
IL_EPA_WQX,ATH-11,South Fork Saline River,ATH-11:06171993:0920:250:1:FM,1993-06-17,Field Msr/Obs,Habitat,,10/11/2022 13:08,10/11/2022 13:08
IL_EPA_WQX,ATH-11,South Fork Saline River,ATH-11:07312000:0940:650:1:FM,2000-07-31,Field Msr/Obs,Habitat,,10/11/2022 13:08,10/11/2022 13:08
IL_EPA_WQX,ATH-13,South Fork Saline River,ATH-13:07141993:1550:500:1:FM,1993-07-14,Field Msr/Obs,Habitat,,10/11/2022 13:08,10/11/2022 13:08
IL_EPA_WQX,ATH-14,South Fork Saline River,ATH-14:07062000:0900:490:1:FM,2000-07-06,Field Msr/Obs,Habitat,,10/11/2022 13:08,10/11/2022 13:08
IL_EPA_WQX,ATH-14,South Fork Saline River,ATH-14:08181993:1150:300:1:FM,1993-08-18,Field Msr/Obs,Habitat,,10/11/2022 13:08,10/11/2022 13:08
IL_EPA_WQX,ATH-LE-C1,South Fork Saline River,ATH-LE-C1:07051988:1140:-1:2:FM,1988-07-05,Field Msr/Obs,Habitat,,10/11/2022 13:08,10/11/2022 13:08
IL_EPA_WQX,ATH-LE-C1,South Fork Saline River,ATH-LE-C1:07281993:1400:300:2:FM,1993-07-28,Field Msr/Obs,Habitat,,10/11/2022 13:08,10/11/2022 13:08
IL_EPA_WQX,ATH-LE-C2,South Fork Saline River,ATH-LE-C2:07051988:2400:-1:2:FM,1988-07-05,Field Msr/Obs,Habitat,,10/11/2022 13:08,10/11/2022 13:08
IL_EPA_WQX,ATH-LE-C2,South Fork Saline River,ATH-LE-C2:07281993:1700:300:2:FM,1993-07-28,Field Msr/Obs,Habitat,,10/11/2022 13:08,10/11/2022 13:08
IL_EPA_WQX,ATH-LE-C2,South Fork Saline River,ATH-LE-C2:09292010:1335:305:2:FM,2010-09-29,Field Msr/Obs,Habitat,,10/11/2022 13:08,10/11/2022 13:08
IL_EPA_WQX,ATH-LE-C2,South Fork Saline River,ATH-LE-C2:201009291335:FM,2010-09-29,Field Msr/Obs,Habitat,,9/15/2022 12:59,9/15/2022 13:35
IL_EPA_WQX,ATH-LE-C2A,South Fork Saline River,ATH-LE-C2A:07291993:1500:200:2:FM,1993-07-29,Field Msr/Obs,Habitat,,10/11/2022 13:08,10/11/2022 13:08
IL_EPA_WQX,ATH-LE-C3,South Fork Saline River,ATH-LE-C3:07051988:1255:-1:2:FM,1988-07-05,Field Msr/Obs,Habitat,,10/11/2022 13:08,10/11/2022 13:08
IL_EPA_WQX,ATHC-01,Battle Ford Creek,ATHC-01:06071993:1355:300:1:FM,1993-06-07,Field Msr/Obs,Habitat,,10/11/2022 13:08,10/11/2022 13:08
IL_EPA_WQX,ATHC-01,Battle Ford Creek,ATHC-01:06152010:0845:340:1:FM,2010-06-15,Field Msr/Obs,Habitat,,10/11/2022 13:08,10/11/2022 13:08
IL_EPA_WQX,ATHC-01,Battle Ford Creek,ATHC-01:201006150845:FM,2010-06-15,Field Msr/Obs,Habitat,,9/15/2022 12:59,9/15/2022 13:35
IL_EPA_WQX,ATHD-01,Little Saline River,ATHD-01:06071993:1640:450:1:FM,1993-06-07,Field Msr/Obs,Habitat,,10/11/2022 13:08,10/11/2022 13:08
IL_EPA_WQX,ATHD-01,Little Saline River,ATHD-01:08012000:0920:747:1:FM,2000-08-01,Field Msr/Obs,Habitat,,10/11/2022 13:08,10/11/2022 13:08
IL_EPA_WQX,ATHD-03,Little Saline River,ATHD-03:06011993:1430:410:1:FM,1993-06-01,Field Msr/Obs,Habitat,,10/11/2022 13:08,10/11/2022 13:08
IL_EPA_WQX,ATHD-03,Little Saline River,ATHD-03:06162010:0830:350:1:FM,2010-06-16,Field Msr/Obs,Habitat,,10/11/2022 13:08,10/11/2022 13:08
IL_EPA_WQX,ATHD-03,Little Saline River,ATHD-03:09232020:1:425,2020-09-23,Field Msr/Obs,Habitat,,9/27/2022 12:52,9/27/2022 12:52
IL_EPA_WQX,ATHD-03,Little Saline River,ATHD-03:09232020:Normal,2020-09-23,Field Msr/Obs,Habitat,,10/12/2022 10:10,10/12/2022 10:10
IL_EPA_WQX,ATHD-03,Little Saline River,ATHD-03:201006160830:FM,2010-06-16,Field Msr/Obs,Habitat,,9/15/2022 12:59,9/15/2022 13:35
IL_EPA_WQX,ATHD-03,Little Saline River,ATHD-03:202009230830:FM,2020-09-23,Field Msr/Obs,Habitat,,9/15/2022 15:01,9/15/2022 15:26
IL_EPA_WQX,ATHE-01,Pond Creek,ATHE-01:06152010:1205:410:1:FM,2010-06-15,Field Msr/Obs,Habitat,,10/11/2022 13:08,10/11/2022 13:08
IL_EPA_WQX,ATHE-01,Pond Creek,ATHE-01:201006151205:FM,2010-06-15,Field Msr/Obs,Habitat,,9/15/2022 12:59,9/15/2022 13:35
IL_EPA_WQX,ATHG-01,Sugar Creek,ATHG-01:06161993:1315:300:1:FM,1993-06-16,Field Msr/Obs,Habitat,,10/11/2022 13:08,10/11/2022 13:08
IL_EPA_WQX,ATHG-01,Sugar Creek,ATHG-01:08102005:0730:400:1:FM,2005-08-10,Field Msr/Obs,Habitat,,10/11/2022 13:08,10/11/2022 13:08
IL_EPA_WQX,ATHG-02,Sugar Creek,ATHG-02:06161993:0910:500:1:FM,1993-06-16,Field Msr/Obs,Habitat,,10/11/2022 13:08,10/11/2022 13:08
IL_EPA_WQX,ATHG-02,Sugar Creek,ATHG-02:07312000:1340:490:1:FM,2000-07-31,Field Msr/Obs,Habitat,,10/11/2022 13:08,10/11/2022 13:08
IL_EPA_WQX,ATHG-03,Sugar Creek,ATHG-03:07142010:0850:500:1:FM,2010-07-14,Field Msr/Obs,Habitat,,10/11/2022 13:08,10/11/2022 13:08
IL_EPA_WQX,ATHG-03,Sugar Creek,ATHG-03:201007140850:FM,2010-07-14,Field Msr/Obs,Habitat,,9/15/2022 12:59,9/15/2022 13:35
IL_EPA_WQX,ATHG-05,Sugar Creek,ATHG-05:06151993:1640:-1:1:FM,1993-06-15,Field Msr/Obs,Habitat,,10/11/2022 13:08,10/11/2022 13:08
IL_EPA_WQX,ATHG-05,Sugar Creek,ATHG-05:07072005:1200:494:1:FM,2005-07-07,Field Msr/Obs,Habitat,,10/11/2022 13:08,10/11/2022 13:08
IL_EPA_WQX,ATHG-05,Sugar Creek,ATHG-05:09172020:1:390,2020-09-17,Field Msr/Obs,Habitat,,9/27/2022 12:52,9/27/2022 12:52
IL_EPA_WQX,ATHG-05,Sugar Creek,ATHG-05:09172020:Low,2020-09-17,Field Msr/Obs,Habitat,,10/12/2022 10:10,10/12/2022 10:10
IL_EPA_WQX,ATHG-05,Sugar Creek,ATHG-05:202009170830:FM,2020-09-17,Field Msr/Obs,Habitat,,9/15/2022 15:01,9/15/2022 15:26
IL_EPA_WQX,ATHG-07,Sugar Creek,ATHG-07:06151993:0910:400:1:FM,1993-06-15,Field Msr/Obs,Habitat,,10/11/2022 13:08,10/11/2022 13:08
IL_EPA_WQX,ATHH-CS-A1,Cana Creek,ATHH-CS-A1:07231993:0900:300:2:FM,1993-07-23,Field Msr/Obs,Habitat,,10/11/2022 13:08,10/11/2022 13:08
IL_EPA_WQX,ATHH-CS-C1,Cana Creek,ATHH-CS-C1:07231993:1030:300:2:FM,1993-07-23,Field Msr/Obs,Habitat,,10/11/2022 13:08,10/11/2022 13:08
IL_EPA_WQX,ATHJ-01,Little Saline Creek,ATHJ-01:08181993:0850:300:1:FM,1993-08-18,Field Msr/Obs,Habitat,,10/11/2022 13:08,10/11/2022 13:08
IL_EPA_WQX,ATHJ-LE-A1,Little Saline Creek,ATHJ-LE-A1:07061988:1225:-1:2:FM,1988-07-06,Field Msr/Obs,Habitat,,10/11/2022 13:08,10/11/2022 13:08
IL_EPA_WQX,ATHJ-LE-A1,Little Saline Creek,ATHJ-LE-A1:07281993:1000:300:2:FM,1993-07-28,Field Msr/Obs,Habitat,,10/11/2022 13:08,10/11/2022 13:08
IL_EPA_WQX,ATHJ-LE-A1,Little Saline Creek,ATHJ-LE-A1:09302010:0930:300:2:FM,2010-09-30,Field Msr/Obs,Habitat,,10/11/2022 13:08,10/11/2022 13:08
IL_EPA_WQX,ATHJ-LE-A1,Little Saline Creek,ATHJ-LE-A1:201009300930:FM,2010-09-30,Field Msr/Obs,Habitat,,9/15/2022 12:59,9/15/2022 13:35
IL_EPA_WQX,ATHJ-LE-C1A,Little Saline Creek,ATHJ-LE-C1A:09292010:1030:400:2:FM,2010-09-29,Field Msr/Obs,Habitat,,10/11/2022 13:08,10/11/2022 13:08
IL_EPA_WQX,ATHJ-LE-C1A,Little Saline Creek,ATHJ-LE-C1A:201009291030:FM,2010-09-29,Field Msr/Obs,Habitat,,9/15/2022 12:59,9/15/2022 13:35
IL_EPA_WQX,ATHJA-GV-C1,Mosley Creek,ATHJA-GV-C1:07231993:1500:300:2:FM,1993-07-23,Field Msr/Obs,Habitat,,10/11/2022 13:08,10/11/2022 13:08
IL_EPA_WQX,ATHJA-GV-C2,Mosley Creek,ATHJA-GV-C2:07231993:1600:300:2:FM,1993-07-23,Field Msr/Obs,Habitat,,10/11/2022 13:08,10/11/2022 13:08
IL_EPA_WQX,ATHM-GV-A1,Dry Fork Creek,ATHM-GV-A1:04101987:0830:-1:2:FM,1987-04-10,Field Msr/Obs,Habitat,,10/11/2022 13:08,10/11/2022 13:08
IL_EPA_WQX,ATHM-GV-C1,Dry Fork Creek,ATHM-GV-C1:04101987:1030:-1:2:FM,1987-04-10,Field Msr/Obs,Habitat,,10/11/2022 13:08,10/11/2022 13:08
IL_EPA_WQX,ATHM-GV-C2,Dry Fork Creek,ATHM-GV-C2:04101987:1500:300:2:FM,1987-04-10,Field Msr/Obs,Habitat,,10/11/2022 13:08,10/11/2022 13:08
IL_EPA_WQX,ATHM-GV-C3,Dry Fork Creek,ATHM-GV-C3:04101987:1230:-1:2:FM,1987-04-10,Field Msr/Obs,Habitat,,10/11/2022 13:08,10/11/2022 13:08
IL_EPA_WQX,ATHU-CM-C3,Peters Slough,ATHU-CM-C3:07211993:1715:300:2:FM,1993-07-21,Field Msr/Obs,Habitat,,10/11/2022 13:08,10/11/2022 13:08
IL_EPA_WQX,ATHU-CM-D1,Peters Slough,ATHU-CM-D1:07211993:1530:200:2:FM,1993-07-21,Field Msr/Obs,Habitat,,10/11/2022 13:08,10/11/2022 13:08
IL_EPA_WQX,ATHUA-CM-A1,Tuller Creek,ATHUA-CM-A1:07211993:1020:200:2:FM,1993-07-21,Field Msr/Obs,Habitat,,10/11/2022 13:08,10/11/2022 13:08
IL_EPA_WQX,ATHUA-CM-C1,Tuller Creek,ATHUA-CM-C1:07211993:1200:200:2:FM,1993-07-21,Field Msr/Obs,Habitat,,10/11/2022 13:08,10/11/2022 13:08
IL_EPA_WQX,ATHUA-CM-C2,Tuller Creek,ATHUA-CM-C2:07211993:1405:300:2:FM,1993-07-21,Field Msr/Obs,Habitat,,10/11/2022 13:08,10/11/2022 13:08
IL_EPA_WQX,ATHW-01,Maple Branch,ATHW-01:06151993:1225:450:1:FM,1993-06-15,Field Msr/Obs,Habitat,,10/11/2022 13:08,10/11/2022 13:08
IL_EPA_WQX,ATZM-01,Cypress Ditch,ATZM-01:09231986:1310:150:4:FM,1986-09-23,Field Msr/Obs,Habitat,,10/11/2022 13:08,10/11/2022 13:08
IL_EPA_WQX,ATZM-02,Cypress Ditch,ATZM-02:06081993:0855:300:1:FM,1993-06-08,Field Msr/Obs,Habitat,,10/11/2022 13:08,10/11/2022 13:08
IL_EPA_WQX,ATZM-02,Cypress Ditch,ATZM-02:09231986:1045:105:4:FM,1986-09-23,Field Msr/Obs,Habitat,,10/11/2022 13:08,10/11/2022 13:08
IL_EPA_WQX,ATZM-03,Cypress Ditch,ATZM-03:09221986:1800:90:4:FM,1986-09-22,Field Msr/Obs,Habitat,,10/11/2022 13:08,10/11/2022 13:08
IL_EPA_WQX,ATZM-04,Cypress Ditch,ATZM-04:09221986:1150:60:4:FM,1986-09-22,Field Msr/Obs,Habitat,,10/11/2022 13:08,10/11/2022 13:08
IL_EPA_WQX,ATZM-05,Cypress Ditch,ATZM-05:06142010:1255:460:1:FM,2010-06-14,Field Msr/Obs,Habitat,,10/11/2022 13:08,10/11/2022 13:08
IL_EPA_WQX,ATZM-05,Cypress Ditch,ATZM-05:08172020:1:460,2020-08-17,Field Msr/Obs,Habitat,,9/27/2022 12:52,9/27/2022 12:52
IL_EPA_WQX,ATZM-05,Cypress Ditch,ATZM-05:08172020:Normal,2020-08-17,Field Msr/Obs,Habitat,,10/12/2022 10:10,10/12/2022 10:10
IL_EPA_WQX,ATZM-05,Cypress Ditch,ATZM-05:201006141255:FM,2010-06-14,Field Msr/Obs,Habitat,,9/15/2022 12:59,9/15/2022 13:35
IL_EPA_WQX,ATZM-05,Cypress Ditch,ATZM-05:202008171200:FM,2020-08-17,Field Msr/Obs,Habitat,,9/15/2022 15:01,9/15/2022 15:26
IL_EPA_WQX,ATZN-10,Pond Settlement Ditch,ATZN-10:09221986:1530:300:4:FM,1986-09-22,Field Msr/Obs,Habitat,,10/11/2022 13:08,10/11/2022 13:08
IL_EPA_WQX,ATZN-11,Pond Settlement Ditch,ATZN-11:09221986:1350:75:4:FM,1986-09-22,Field Msr/Obs,Habitat,,10/11/2022 13:08,10/11/2022 13:08
IL_EPA_WQX,JD-01,Maeystown Creek,JD-01:09051984:1000:190:1:FM,1984-09-05,Field Msr/Obs,Habitat,,10/11/2022 13:11,10/11/2022 13:11
IL_EPA_WQX,JD-02,Maeystown Creek,JD-02:07262010:1520:500:1:FM,2010-07-26,Field Msr/Obs,Habitat,,10/11/2022 13:11,10/11/2022 13:11
IL_EPA_WQX,JD-02,Maeystown Creek,JD-02:08022005:1150:390:1:FM,2005-08-02,Field Msr/Obs,Habitat,,10/11/2022 13:11,10/11/2022 13:11
IL_EPA_WQX,JD-02,Maeystown Creek,JD-02:08171998:1030:460:1:FM,1998-08-17,Field Msr/Obs,Habitat,,10/11/2022 13:11,10/11/2022 13:11
IL_EPA_WQX,JD-02,Maeystown Creek,JD-02:08262020:1:490,2020-08-26,Field Msr/Obs,Habitat,,9/27/2022 12:51,9/27/2022 12:51
IL_EPA_WQX,JD-02,Maeystown Creek,JD-02:08262020:Normal,2020-08-26,Field Msr/Obs,Habitat,,10/12/2022 10:08,10/12/2022 10:08
IL_EPA_WQX,JD-02,Maeystown Creek,JD-02:201007261520:FM,2010-07-26,Field Msr/Obs,Habitat,,9/15/2022 12:59,9/15/2022 13:36
IL_EPA_WQX,JD-02,Maeystown Creek,JD-02:201507231300:FM,2015-07-23,Field Msr/Obs,Habitat,,9/15/2022 12:59,9/15/2022 13:36
IL_EPA_WQX,JD-02,Maeystown Creek,JD-02:202008261230:FM,2020-08-26,Field Msr/Obs,Habitat,,9/15/2022 15:06,9/15/2022 15:27
IL_EPA_WQX,JD-MT-C2,Maeystown Creek,JD-MT-C2:09212010:1020:100:2:FM,2010-09-21,Field Msr/Obs,Habitat,,10/11/2022 13:11,10/11/2022 13:11
IL_EPA_WQX,JD-MT-C2,Maeystown Creek,JD-MT-C2:201009211020:FM,2010-09-21,Field Msr/Obs,Habitat,,9/15/2022 12:59,9/15/2022 13:36
IL_EPA_WQX,JDA-MT-A1,U-trib Maeystown Creek,JDA-MT-A1:09202010:1100:140:2:FM,2010-09-20,Field Msr/Obs,Habitat,,10/11/2022 13:11,10/11/2022 13:11
IL_EPA_WQX,JDA-MT-A1,U-trib Maeystown Creek,JDA-MT-A1:201009201100:FM,2010-09-20,Field Msr/Obs,Habitat,,9/15/2022 12:59,9/15/2022 13:36
IL_EPA_WQX,JDA-MT-C1,U-trib Maeystown Creek,JDA-MT-C1:09202010:1440:200:2:FM,2010-09-20,Field Msr/Obs,Habitat,,10/11/2022 13:11,10/11/2022 13:11
IL_EPA_WQX,JDA-MT-C1,U-trib Maeystown Creek,JDA-MT-C1:201009201440:FM,2010-09-20,Field Msr/Obs,Habitat,,9/15/2022 12:59,9/15/2022 13:36
IL_EPA_WQX,JH-02,Fountain Creek,JH-02:09051984:1300:195:1:FM,1984-09-05,Field Msr/Obs,Habitat,,10/11/2022 13:11,10/11/2022 13:11
IL_EPA_WQX,JH-03,Fountain Creek,JH-03:08022005:0830:520:1:FM,2005-08-02,Field Msr/Obs,Habitat,,10/11/2022 13:11,10/11/2022 13:11
IL_EPA_WQX,JH-03,Fountain Creek,JH-03:09221998:1430:465:1:FM,1998-09-22,Field Msr/Obs,Habitat,,10/11/2022 13:11,10/11/2022 13:11
IL_EPA_WQX,JH-04,Fountain Creek,JH-04:05312005:0930:600:1:FM,2005-05-31,Field Msr/Obs,Habitat,,10/11/2022 13:11,10/11/2022 13:11
IL_EPA_WQX,JH-04,Fountain Creek,JH-04:07272010:0830:600:1:FM,2010-07-27,Field Msr/Obs,Habitat,,10/11/2022 13:11,10/11/2022 13:11
IL_EPA_WQX,JH-04,Fountain Creek,JH-04:08182020:1:660,2020-08-18,Field Msr/Obs,Habitat,,9/27/2022 12:51,9/27/2022 12:51
IL_EPA_WQX,JH-04,Fountain Creek,JH-04:08182020:Normal,2020-08-18,Field Msr/Obs,Habitat,,10/12/2022 10:08,10/12/2022 10:08
IL_EPA_WQX,JH-04,Fountain Creek,JH-04:09281998:1345:530:1:FM,1998-09-28,Field Msr/Obs,Habitat,,10/11/2022 13:11,10/11/2022 13:11
IL_EPA_WQX,JH-04,Fountain Creek,JH-04:201007270830:FM,2010-07-27,Field Msr/Obs,Habitat,,9/15/2022 12:59,9/15/2022 13:36
IL_EPA_WQX,JH-04,Fountain Creek,JH-04:201507230915:FM,2015-07-23,Field Msr/Obs,Habitat,,9/15/2022 12:59,9/15/2022 13:36
IL_EPA_WQX,JH-04,Fountain Creek,JH-04:202008181245:FM,2020-08-18,Field Msr/Obs,Habitat,,9/15/2022 15:06,9/15/2022 15:27
IL_EPA_WQX,JH-WL-C4,Fountain Creek,JH-WL-C4:05131992:1705:90:2:FM,1992-05-13,Field Msr/Obs,Habitat,,10/11/2022 13:11,10/11/2022 13:11
IL_EPA_WQX,JHE-WL-A1,Waterloo Creek,JHE-WL-A1:05131992:1030:90:2:FM,1992-05-13,Field Msr/Obs,Habitat,,10/11/2022 13:11,10/11/2022 13:11
IL_EPA_WQX,JHE-WL-C1,Waterloo Creek,JHE-WL-C1:05131992:1220:60:2:FM,1992-05-13,Field Msr/Obs,Habitat,,10/11/2022 13:11,10/11/2022 13:11
IL_EPA_WQX,JHE-WL-C2,Waterloo Creek,JHE-WL-C2:05131992:1355:90:2:FM,1992-05-13,Field Msr/Obs,Habitat,,10/11/2022 13:11,10/11/2022 13:11
IL_EPA_WQX,JHE-WL-C3,Waterloo Creek,JHE-WL-C3:05131992:1510:120:2:FM,1992-05-13,Field Msr/Obs,Habitat,,10/11/2022 13:11,10/11/2022 13:11
IL_EPA_WQX,JI-01,Carr Creek,JI-01:07262010:1045:370:1:FM,2010-07-26,Field Msr/Obs,Habitat,,10/11/2022 13:11,10/11/2022 13:11
IL_EPA_WQX,JI-01,Carr Creek,JI-01:07292020:1:365,2020-07-29,Field Msr/Obs,Habitat,,9/27/2022 12:51,9/27/2022 12:51
IL_EPA_WQX,JI-01,Carr Creek,JI-01:07292020:Normal,2020-07-29,Field Msr/Obs,Habitat,,10/12/2022 10:08,10/12/2022 10:08
IL_EPA_WQX,JI-01,Carr Creek,JI-01:201007261045:FM,2010-07-26,Field Msr/Obs,Habitat,,9/15/2022 12:59,9/15/2022 13:36
IL_EPA_WQX,JI-01,Carr Creek,JI-01:202007290945:FM,2020-07-29,Field Msr/Obs,Habitat,,9/15/2022 15:06,9/15/2022 15:27
IL_EPA_WQX,JMA-01,Canal No 1,JMA-01:09061984:1000:350:1:FM,1984-09-06,Field Msr/Obs,Habitat,,10/11/2022 13:11,10/11/2022 13:11
IL_EPA_WQX,JMA-02,Canal No 1,JMA-02:08012005:1230:320:1:FM,2005-08-01,Field Msr/Obs,Habitat,,10/11/2022 13:11,10/11/2022 13:11
IL_EPA_WQX,JMA-02,Canal No 1,JMA-02:09281998:1010:340:1:FM,1998-09-28,Field Msr/Obs,Habitat,,10/11/2022 13:11,10/11/2022 13:11
IL_EPA_WQX,JMAA-01,Prairie Dupont Creek,JMAA-01:07051984:1000:280:1:FM,1984-07-05,Field Msr/Obs,Habitat,,10/11/2022 13:11,10/11/2022 13:11
IL_EPA_WQX,JMAA-01,Prairie Dupont Creek,JMAA-01:09161998:1015:470:1:FM,1998-09-16,Field Msr/Obs,Habitat,,10/11/2022 13:11,10/11/2022 13:11
IL_EPA_WQX,JMAA-02,Prairie Dupont Creek,JMAA-02:08012005:1415:300:1:FM,2005-08-01,Field Msr/Obs,Habitat,,10/11/2022 13:11,10/11/2022 13:11
IL_EPA_WQX,JMAA-03,Prairie Dupont Creek,JMAA-03:07272010:1315:350:1:FM,2010-07-27,Field Msr/Obs,Habitat,,10/11/2022 13:11,10/11/2022 13:11
IL_EPA_WQX,JMAA-03,Prairie Dupont Creek,JMAA-03:08182020:1:460,2020-08-18,Field Msr/Obs,Habitat,,9/27/2022 12:51,9/27/2022 12:51
IL_EPA_WQX,JMAA-03,Prairie Dupont Creek,JMAA-03:08182020:Normal,2020-08-18,Field Msr/Obs,Habitat,,10/12/2022 10:08,10/12/2022 10:08
IL_EPA_WQX,JMAA-03,Prairie Dupont Creek,JMAA-03:201007271315:FM,2010-07-27,Field Msr/Obs,Habitat,,9/15/2022 12:59,9/15/2022 13:36
IL_EPA_WQX,JMAA-03,Prairie Dupont Creek,JMAA-03:201508111115:FM,2015-08-11,Field Msr/Obs,Habitat,,9/15/2022 12:59,9/15/2022 13:36
IL_EPA_WQX,JMAA-03,Prairie Dupont Creek,JMAA-03:202008180930:FM,2020-08-18,Field Msr/Obs,Habitat,,9/15/2022 15:06,9/15/2022 15:27
IL_EPA_WQX,JMAC-02,Harding Ditch,JMAC-02:07031984:1000:295:1:FM,1984-07-03,Field Msr/Obs,Habitat,,10/11/2022 13:11,10/11/2022 13:11
IL_EPA_WQX,JMAC-02,Harding Ditch,JMAC-02:08012005:0930:350:1:FM,2005-08-01,Field Msr/Obs,Habitat,,10/11/2022 13:11,10/11/2022 13:11
IL_EPA_WQX,JMAC-02,Harding Ditch,JMAC-02:08042010:0800:385:1:FM,2010-08-04,Field Msr/Obs,Habitat,,10/11/2022 13:11,10/11/2022 13:11
IL_EPA_WQX,JMAC-02,Harding Ditch,JMAC-02:09161998:1445:300:1:FM,1998-09-16,Field Msr/Obs,Habitat,,10/11/2022 13:11,10/11/2022 13:11
IL_EPA_WQX,JMAC-02,Harding Ditch,JMAC-02:201008040800:FM,2010-08-04,Field Msr/Obs,Habitat,,9/15/2022 12:59,9/15/2022 13:36
IL_EPA_WQX,JMAC-02,Harding Ditch,JMAC-02:201508110930:FM,2015-08-11,Field Msr/Obs,Habitat,,9/15/2022 12:59,9/15/2022 13:36
IL_EPA_WQX,JMACA-DH-A1,Little Canteen Creek,JMACA-DH-A1:06191986:1355:-1:2:FM,1986-06-19,Field Msr/Obs,Habitat,,10/11/2022 13:11,10/11/2022 13:11
IL_EPA_WQX,JMACBA-CW-A1,Clair Creek,JMACBA-CW-A1:06191990:0850:-1:2:FM,1990-06-19,Field Msr/Obs,Habitat,,10/11/2022 13:11,10/11/2022 13:11
IL_EPA_WQX,JMACBA-CW-A1,Clair Creek,JMACBA-CW-A1:08291985:0745:-1:2:FM,1985-08-29,Field Msr/Obs,Habitat,,10/11/2022 13:11,10/11/2022 13:11
IL_EPA_WQX,JMACBA-CW-A1,Clair Creek,JMACBA-CW-A1:09091998:1200:300:2:FM,1998-09-09,Field Msr/Obs,Habitat,,10/11/2022 13:11,10/11/2022 13:11
IL_EPA_WQX,JMACBA-CW-C1,Clair Creek,JMACBA-CW-C1:06191990:1010:-1:2:FM,1990-06-19,Field Msr/Obs,Habitat,,10/11/2022 13:11,10/11/2022 13:11
IL_EPA_WQX,JMACBA-CW-C1,Clair Creek,JMACBA-CW-C1:08291985:0920:-1:2:FM,1985-08-29,Field Msr/Obs,Habitat,,10/11/2022 13:11,10/11/2022 13:11
IL_EPA_WQX,JMACBA-CW-C1,Clair Creek,JMACBA-CW-C1:09091998:1330:300:2:FM,1998-09-09,Field Msr/Obs,Habitat,,10/11/2022 13:11,10/11/2022 13:11
IL_EPA_WQX,JMACBA-CW-C2,Clair Creek,JMACBA-CW-C2:06191990:1315:-1:2:FM,1990-06-19,Field Msr/Obs,Habitat,,10/11/2022 13:11,10/11/2022 13:11
IL_EPA_WQX,JMACBA-CW-C2,Clair Creek,JMACBA-CW-C2:08291985:1110:-1:2:FM,1985-08-29,Field Msr/Obs,Habitat,,10/11/2022 13:11,10/11/2022 13:11
IL_EPA_WQX,JMACBA-CW-C2,Clair Creek,JMACBA-CW-C2:09101998:1600:300:2:FM,1998-09-10,Field Msr/Obs,Habitat,,10/11/2022 13:11,10/11/2022 13:11
IL_EPA_WQX,JMACBA-CW-C3,Clair Creek,JMACBA-CW-C3:06191990:1510:-1:2:FM,1990-06-19,Field Msr/Obs,Habitat,,10/11/2022 13:11,10/11/2022 13:11
IL_EPA_WQX,JMACBA-CW-C3,Clair Creek,JMACBA-CW-C3:08291985:1220:-1:2:FM,1985-08-29,Field Msr/Obs,Habitat,,10/11/2022 13:11,10/11/2022 13:11
IL_EPA_WQX,JMACBA-CW-C3,Clair Creek,JMACBA-CW-C3:09111998:0900:300:2:FM,1998-09-11,Field Msr/Obs,Habitat,,10/11/2022 13:11,10/11/2022 13:11
IL_EPA_WQX,JMACBA-CW-C4,Clair Creek,JMACBA-CW-C4:06191990:1610:-1:2:FM,1990-06-19,Field Msr/Obs,Habitat,,10/11/2022 13:11,10/11/2022 13:11
IL_EPA_WQX,JMACBA-CW-C4,Clair Creek,JMACBA-CW-C4:09111998:1030:300:2:FM,1998-09-11,Field Msr/Obs,Habitat,,10/11/2022 13:11,10/11/2022 13:11
IL_EPA_WQX,JMACBAA-CW-D2,North Creek,JMACBAA-CW-D2:06211990:1610:-1:2:FM,1990-06-21,Field Msr/Obs,Habitat,,10/11/2022 13:11,10/11/2022 13:11
IL_EPA_WQX,JMACBAB-CW-D1,Shale Creek,JMACBAB-CW-D1:06191990:1105:-1:2:FM,1990-06-19,Field Msr/Obs,Habitat,,10/11/2022 13:11,10/11/2022 13:11
IL_EPA_WQX,JMACBAB-CW-D1,Shale Creek,JMACBAB-CW-D1:08291985:1030:-1:2:FM,1985-08-29,Field Msr/Obs,Habitat,,10/11/2022 13:11,10/11/2022 13:11
IL_EPA_WQX,JMACBAB-CW-D1,Shale Creek,JMACBAB-CW-D1:09091998:1500:300:2:FM,1998-09-09,Field Msr/Obs,Habitat,,10/11/2022 13:11,10/11/2022 13:11
IL_EPA_WQX,JN-02,Cahokia Canal,JN-02:07021984:1000:236:1:FM,1984-07-02,Field Msr/Obs,Habitat,,10/11/2022 13:11,10/11/2022 13:11
IL_EPA_WQX,JN-02,Cahokia Canal,JN-02:07282005:0830:300:1:FM,2005-07-28,Field Msr/Obs,Habitat,,10/11/2022 13:11,10/11/2022 13:11
IL_EPA_WQX,JN-02,Cahokia Canal,JN-02:08042010:1030:300:1:FM,2010-08-04,Field Msr/Obs,Habitat,,10/11/2022 13:11,10/11/2022 13:11
IL_EPA_WQX,JN-02,Cahokia Canal,JN-02:09171998:1010:400:1:FM,1998-09-17,Field Msr/Obs,Habitat,,10/11/2022 13:11,10/11/2022 13:11
IL_EPA_WQX,JN-02,Cahokia Canal,JN-02:10012020:1:500,2020-10-01,Field Msr/Obs,Habitat,,9/27/2022 12:51,9/27/2022 12:51
IL_EPA_WQX,JN-02,Cahokia Canal,JN-02:10012020:Low,2020-10-01,Field Msr/Obs,Habitat,,10/12/2022 10:08,10/12/2022 10:08
IL_EPA_WQX,JN-02,Cahokia Canal,JN-02:201008041030:FM,2010-08-04,Field Msr/Obs,Habitat,,9/15/2022 12:59,9/15/2022 13:36
IL_EPA_WQX,JN-02,Cahokia Canal,JN-02:202010010930:FM,2020-10-01,Field Msr/Obs,Habitat,,9/15/2022 15:06,9/15/2022 15:27
IL_EPA_WQX,JN-CL-C3,Cahokia Canal,JN-CL-C3:07191990:1400:-1:2:FM,1990-07-19,Field Msr/Obs,Habitat,,10/11/2022 13:11,10/11/2022 13:11
IL_EPA_WQX,JN-CL-C3,Cahokia Canal,JN-CL-C3:09231998:1215:100:2:FM,1998-09-23,Field Msr/Obs,Habitat,,10/11/2022 13:11,10/11/2022 13:11
IL_EPA_WQX,JN-CL-D1,Cahokia Canal,JN-CL-D1:07191990:1250:-1:2:FM,1990-07-19,Field Msr/Obs,Habitat,,10/11/2022 13:11,10/11/2022 13:11
IL_EPA_WQX,JN-CL-D1,Cahokia Canal,JN-CL-D1:09171998:1010:400:2:FM,1998-09-17,Field Msr/Obs,Habitat,,10/11/2022 13:11,10/11/2022 13:11
IL_EPA_WQX,JNA-01,Canteen Creek,JNA-01:07021984:1200:205:1:FM,1984-07-02,Field Msr/Obs,Habitat,,10/11/2022 13:11,10/11/2022 13:11
IL_EPA_WQX,JNA-01,Canteen Creek,JNA-01:07282010:0830:300:1:FM,2010-07-28,Field Msr/Obs,Habitat,,10/11/2022 13:11,10/11/2022 13:11
IL_EPA_WQX,JNA-01,Canteen Creek,JNA-01:08042005:0830:500:1:FM,2005-08-04,Field Msr/Obs,Habitat,,10/11/2022 13:11,10/11/2022 13:11
IL_EPA_WQX,JNA-01,Canteen Creek,JNA-01:201007280830:FM,2010-07-28,Field Msr/Obs,Habitat,,9/15/2022 12:59,9/15/2022 13:36
IL_EPA_WQX,JNA-02,Canteen Creek,JNA-02:07031984:1300:320:1:FM,1984-07-03,Field Msr/Obs,Habitat,,10/11/2022 13:11,10/11/2022 13:11
IL_EPA_WQX,JNA-02,Canteen Creek,JNA-02:07282005:1030:320:1:FM,2005-07-28,Field Msr/Obs,Habitat,,10/11/2022 13:11,10/11/2022 13:11
IL_EPA_WQX,JNA-02,Canteen Creek,JNA-02:09171998:1420:490:1:FM,1998-09-17,Field Msr/Obs,Habitat,,10/11/2022 13:11,10/11/2022 13:11
IL_EPA_WQX,JNA-02,Canteen Creek,JNA-02:10012020:1:565,2020-10-01,Field Msr/Obs,Habitat,,9/27/2022 12:51,9/27/2022 12:51
IL_EPA_WQX,JNA-02,Canteen Creek,JNA-02:10012020:Normal,2020-10-01,Field Msr/Obs,Habitat,,10/12/2022 10:08,10/12/2022 10:08
IL_EPA_WQX,JNA-02,Canteen Creek,JNA-02:202010011230:FM,2020-10-01,Field Msr/Obs,Habitat,,9/15/2022 15:06,9/15/2022 15:27
IL_EPA_WQX,JNA-CL-A1,Canteen Creek,JNA-CL-A1:07051984:1615:-1:2:FM,1984-07-05,Field Msr/Obs,Habitat,,10/11/2022 13:11,10/11/2022 13:11
IL_EPA_WQX,JNA-CL-A1,Canteen Creek,JNA-CL-A1:07191990:0930:-1:2:FM,1990-07-19,Field Msr/Obs,Habitat,,10/11/2022 13:11,10/11/2022 13:11
IL_EPA_WQX,JNA-CL-A1,Canteen Creek,JNA-CL-A1:09221998:1100:200:2:FM,1998-09-22,Field Msr/Obs,Habitat,,10/11/2022 13:11,10/11/2022 13:11
IL_EPA_WQX,JNA-CL-A2,Canteen Creek,JNA-CL-A2:07031984:1350:-1:2:FM,1984-07-03,Field Msr/Obs,Habitat,,10/11/2022 13:11,10/11/2022 13:11
IL_EPA_WQX,JNA-CL-A2,Canteen Creek,JNA-CL-A2:07191990:1520:-1:2:FM,1990-07-19,Field Msr/Obs,Habitat,,10/11/2022 13:11,10/11/2022 13:11
IL_EPA_WQX,JNA-CL-A2,Canteen Creek,JNA-CL-A2:09171998:1420:490:2:FM,1998-09-17,Field Msr/Obs,Habitat,,10/11/2022 13:11,10/11/2022 13:11
IL_EPA_WQX,JNA-CL-C1,Canteen Creek,JNA-CL-C1:07051984:1510:-1:2:FM,1984-07-05,Field Msr/Obs,Habitat,,10/11/2022 13:11,10/11/2022 13:11
IL_EPA_WQX,JNA-CL-C1,Canteen Creek,JNA-CL-C1:07191990:1030:-1:2:FM,1990-07-19,Field Msr/Obs,Habitat,,10/11/2022 13:11,10/11/2022 13:11
IL_EPA_WQX,JNA-CL-C1,Canteen Creek,JNA-CL-C1:09221998:1430:150:2:FM,1998-09-22,Field Msr/Obs,Habitat,,10/11/2022 13:11,10/11/2022 13:11
IL_EPA_WQX,JNA-CL-C2,Canteen Creek,JNA-CL-C2:07021984:1215:-1:2:FM,1984-07-02,Field Msr/Obs,Habitat,,10/11/2022 13:11,10/11/2022 13:11
IL_EPA_WQX,JNA-CL-C2,Canteen Creek,JNA-CL-C2:07191990:1150:-1:2:FM,1990-07-19,Field Msr/Obs,Habitat,,10/11/2022 13:11,10/11/2022 13:11
IL_EPA_WQX,JNA-CL-C2,Canteen Creek,JNA-CL-C2:09221998:1640:150:2:FM,1998-09-22,Field Msr/Obs,Habitat,,10/11/2022 13:11,10/11/2022 13:11
IL_EPA_WQX,JNG-PF-A1,Schoenberger Creek,JNG-PF-A1:10261988:1100:-1:2:FM,1988-10-26,Field Msr/Obs,Habitat,,10/11/2022 13:11,10/11/2022 13:11
IL_EPA_WQX,JNG-PF-A2,Schoenberger Creek,JNG-PF-A2:10261988:0910:-1:2:FM,1988-10-26,Field Msr/Obs,Habitat,,10/11/2022 13:11,10/11/2022 13:11
IL_EPA_WQX,JNG-PF-C1,Schoenberger Creek,JNG-PF-C1:10261988:1210:-1:2:FM,1988-10-26,Field Msr/Obs,Habitat,,10/11/2022 13:11,10/11/2022 13:11
IL_EPA_WQX,JNG-PF-C2,Schoenberger Creek,JNG-PF-C2:10251988:0925:-1:2:FM,1988-10-25,Field Msr/Obs,Habitat,,10/11/2022 13:11,10/11/2022 13:11
IL_EPA_WQX,JNG-PF-C3,Schoenberger Creek,JNG-PF-C3:10251988:1150:-1:2:FM,1988-10-25,Field Msr/Obs,Habitat,,10/11/2022 13:11,10/11/2022 13:11
IL_EPA_WQX,JNG-PF-C4,Schoenberger Creek,JNG-PF-C4:10251988:1420:-1:2:FM,1988-10-25,Field Msr/Obs,Habitat,,10/11/2022 13:11,10/11/2022 13:11
IL_EPA_WQX,JNGA-PF-D1,Dot Creek,JNGA-PF-D1:10251988:1250:-1:2:FM,1988-10-25,Field Msr/Obs,Habitat,,10/11/2022 13:11,10/11/2022 13:11
IL_EPA_WQX,JQ-01,Cahokia Creek,JQ-01:09301998:0900:300:1:FM,1998-09-30,Field Msr/Obs,Habitat,,10/11/2022 13:11,10/11/2022 13:11
IL_EPA_WQX,JQ-03,Cahokia Creek,JQ-03:06271984:1300:300:1:FM,1984-06-27,Field Msr/Obs,Habitat,,10/11/2022 13:11,10/11/2022 13:11
IL_EPA_WQX,JQ-03,Cahokia Creek,JQ-03:07272005:1200:480:1:FM,2005-07-27,Field Msr/Obs,Habitat,,10/11/2022 13:11,10/11/2022 13:11
IL_EPA_WQX,JQ-03,Cahokia Creek,JQ-03:09281998:1320:360:1:FM,1998-09-28,Field Msr/Obs,Habitat,,10/11/2022 13:11,10/11/2022 13:11
IL_EPA_WQX,JQ-04,Cahokia Creek,JQ-04:06281984:1000:310:1:FM,1984-06-28,Field Msr/Obs,Habitat,,10/11/2022 13:11,10/11/2022 13:11
IL_EPA_WQX,JQ-04,Cahokia Creek,JQ-04:07292010:1230:530:1:FM,2010-07-29,Field Msr/Obs,Habitat,,10/11/2022 13:11,10/11/2022 13:11
IL_EPA_WQX,JQ-04,Cahokia Creek,JQ-04:10042001:1000:300:1:FM,2001-10-04,Field Msr/Obs,Habitat,,10/11/2022 13:11,10/11/2022 13:11
IL_EPA_WQX,JQ-04,Cahokia Creek,JQ-04:201007291230:FM,2010-07-29,Field Msr/Obs,Habitat,,9/15/2022 12:59,9/15/2022 13:36
IL_EPA_WQX,JQ-04,Cahokia Creek,JQ-04:201507221230:FM,2015-07-22,Field Msr/Obs,Habitat,,9/15/2022 12:59,9/15/2022 13:36
IL_EPA_WQX,JQ-05,Cahokia Creek,JQ-05:06271984:1000:300:1:FM,1984-06-27,Field Msr/Obs,Habitat,,10/11/2022 13:11,10/11/2022 13:11
IL_EPA_WQX,JQ-05,Cahokia Creek,JQ-05:07272005:0830:580:1:FM,2005-07-27,Field Msr/Obs,Habitat,,10/11/2022 13:11,10/11/2022 13:11
IL_EPA_WQX,JQ-05,Cahokia Creek,JQ-05:08052010:0900:700:1:FM,2010-08-05,Field Msr/Obs,Habitat,,10/11/2022 13:11,10/11/2022 13:11
IL_EPA_WQX,JQ-05,Cahokia Creek,JQ-05:09181998:0900:700:1:FM,1998-09-18,Field Msr/Obs,Habitat,,10/11/2022 13:11,10/11/2022 13:11
IL_EPA_WQX,JQ-05,Cahokia Creek,JQ-05:201008050900:FM,2010-08-05,Field Msr/Obs,Habitat,,9/15/2022 12:59,9/15/2022 13:36
IL_EPA_WQX,JQ-05,Cahokia Creek,JQ-05:201508131030:FM,2015-08-13,Field Msr/Obs,Habitat,,9/15/2022 12:59,9/15/2022 13:36
IL_EPA_WQX,JQ-06,Cahokia Creek,JQ-06:201508130815:FM,2015-08-13,Field Msr/Obs,Habitat,,9/15/2022 12:59,9/15/2022 13:36
IL_EPA_WQX,JQ-07,Cahokia Creek,JQ-07:07262005:0815:600:1:FM,2005-07-26,Field Msr/Obs,Habitat,,10/11/2022 13:11,10/11/2022 13:11
IL_EPA_WQX,JQ-HS-C2,Cahokia Creek,JQ-HS-C2:09242008:1500:200:2:FM,2008-09-24,Field Msr/Obs,Habitat,,10/11/2022 13:11,10/11/2022 13:11
IL_EPA_WQX,JQ-HS-C2,Cahokia Creek,JQ-HS-C2:200809241500:FM,2008-09-24,Field Msr/Obs,Habitat,,9/15/2022 12:59,9/15/2022 13:36
IL_EPA_WQX,JQ-HS-D1,Cahokia Creek,JQ-HS-D1:09242008:1330:300:2:FM,2008-09-24,Field Msr/Obs,Habitat,,10/11/2022 13:11,10/11/2022 13:11
IL_EPA_WQX,JQ-HS-D1,Cahokia Creek,JQ-HS-D1:200809241330:FM,2008-09-24,Field Msr/Obs,Habitat,,9/15/2022 12:59,9/15/2022 13:36
IL_EPA_WQX,JQ-ST-C3,Cahokia Creek,JQ-ST-C3:06091992:1100:-1:2:FM,1992-06-09,Field Msr/Obs,Habitat,,10/11/2022 13:11,10/11/2022 13:11
IL_EPA_WQX,JQ-ST-D1,Cahokia Creek,JQ-ST-D1:06081992:1245:-1:2:FM,1992-06-08,Field Msr/Obs,Habitat,,10/11/2022 13:11,10/11/2022 13:11
IL_EPA_WQX,JQA-01,Indian Creek,JQA-01:06261984:1300:250:1:FM,1984-06-26,Field Msr/Obs,Habitat,,10/11/2022 13:11,10/11/2022 13:11
IL_EPA_WQX,JQA-01,Indian Creek,JQA-01:07262005:1230:450:1:FM,2005-07-26,Field Msr/Obs,Habitat,,10/11/2022 13:11,10/11/2022 13:11
IL_EPA_WQX,JQA-01,Indian Creek,JQA-01:09291998:0900:360:1:FM,1998-09-29,Field Msr/Obs,Habitat,,10/11/2022 13:11,10/11/2022 13:11
IL_EPA_WQX,JQA-02,Indian Creek,JQA-02:201507220915:FM,2015-07-22,Field Msr/Obs,Habitat,,9/15/2022 12:59,9/15/2022 13:36
IL_EPA_WQX,JQD-01,Paddock Creek,JQD-01:201507210930:FM,2015-07-21,Field Msr/Obs,Habitat,,9/15/2022 12:59,9/15/2022 13:36
IL_EPA_WQX,JQE-01,Sherry Creek,JQE-01:07292010:0830:510:1:FM,2010-07-29,Field Msr/Obs,Habitat,,10/11/2022 13:11,10/11/2022 13:11
IL_EPA_WQX,JQE-01,Sherry Creek,JQE-01:201007290830:FM,2010-07-29,Field Msr/Obs,Habitat,,9/15/2022 12:59,9/15/2022 13:36
IL_EPA_WQX,JQE-01,Sherry Creek,JQE-01:201507121200:FM,2015-07-12,Field Msr/Obs,Habitat,,9/15/2022 12:59,9/15/2022 13:36
IL_EPA_WQX,JQG-ST-A1,Ginseng Creek,JQG-ST-A1:06081992:1045:-1:2:FM,1992-06-08,Field Msr/Obs,Habitat,,10/11/2022 13:11,10/11/2022 13:11
IL_EPA_WQX,JQG-ST-C1,Ginseng Creek,JQG-ST-C1:06081992:1100:-1:2:FM,1992-06-08,Field Msr/Obs,Habitat,,10/11/2022 13:11,10/11/2022 13:11
IL_EPA_WQX,JQG-ST-C2,Ginseng Creek,JQG-ST-C2:06081992:1345:-1:2:FM,1992-06-08,Field Msr/Obs,Habitat,,10/11/2022 13:11,10/11/2022 13:11
IL_EPA_WQX,JQGZ-ST-D2,Staunton trib,JQGZ-ST-D2:06091992:0945:-1:2:FM,1992-06-09,Field Msr/Obs,Habitat,,10/11/2022 13:11,10/11/2022 13:11
IL_EPA_WQX,JQO-HS-A1,Holiday Shores Creek,JQO-HS-A1:09242008:1000:115:2:FM,2008-09-24,Field Msr/Obs,Habitat,,10/11/2022 13:11,10/11/2022 13:11
IL_EPA_WQX,JQO-HS-A1,Holiday Shores Creek,JQO-HS-A1:200809241000:FM,2008-09-24,Field Msr/Obs,Habitat,,9/15/2022 12:59,9/15/2022 13:36
IL_EPA_WQX,JQO-HS-C1,Holiday Shores Creek,JQO-HS-C1:09242008:1200:160:2:FM,2008-09-24,Field Msr/Obs,Habitat,,10/11/2022 13:11,10/11/2022 13:11
IL_EPA_WQX,JQO-HS-C1,Holiday Shores Creek,JQO-HS-C1:200809241200:FM,2008-09-24,Field Msr/Obs,Habitat,,9/15/2022 12:59,9/15/2022 13:36
IL_EPA_WQX,JR-02,Wood River,JR-02:07252005:0930:320:1:FM,2005-07-25,Field Msr/Obs,Habitat,,10/11/2022 13:11,10/11/2022 13:11
IL_EPA_WQX,JR-02,Wood River,JR-02:09041984:1600:300:1:FM,1984-09-04,Field Msr/Obs,Habitat,,10/11/2022 13:11,10/11/2022 13:11
IL_EPA_WQX,JR-02,Wood River,JR-02:09082010:0940:640:1:FM,2010-09-08,Field Msr/Obs,Habitat,,10/11/2022 13:11,10/11/2022 13:11
IL_EPA_WQX,JR-02,Wood River,JR-02:09151998:1045:510:1:FM,1998-09-15,Field Msr/Obs,Habitat,,10/11/2022 13:11,10/11/2022 13:11
IL_EPA_WQX,JR-02,Wood River,JR-02:201009080940:FM,2010-09-08,Field Msr/Obs,Habitat,,9/15/2022 12:59,9/15/2022 13:36
IL_EPA_WQX,JR-02,Wood River,JR-02:201508121145:FM,2015-08-12,Field Msr/Obs,Habitat,,9/15/2022 12:59,9/15/2022 13:36
IL_EPA_WQX,JR-EA-A1,Wood River,JR-EA-A1:07231990:1600:-1:2:FM,1990-07-23,Field Msr/Obs,Habitat,,10/11/2022 13:11,10/11/2022 13:11
IL_EPA_WQX,JR-EA-C1,Wood River,JR-EA-C1:07231990:1800:-1:2:FM,1990-07-23,Field Msr/Obs,Habitat,,10/11/2022 13:11,10/11/2022 13:11
IL_EPA_WQX,JR-EA-C2,Wood River,JR-EA-C2:07231990:1900:-1:2:FM,1990-07-23,Field Msr/Obs,Habitat,,10/11/2022 13:11,10/11/2022 13:11
IL_EPA_WQX,JR-OL-C2,Wood River,JR-OL-C2:07231990:1600:-1:2:FM,1990-07-23,Field Msr/Obs,Habitat,,10/11/2022 13:11,10/11/2022 13:11
IL_EPA_WQX,JR-OL-C2A,Wood River,JR-OL-C2A:07231990:1800:-1:2:FM,1990-07-23,Field Msr/Obs,Habitat,,10/11/2022 13:11,10/11/2022 13:11
IL_EPA_WQX,JR-OL-C3,Wood River,JR-OL-C3:07231990:1900:-1:2:FM,1990-07-23,Field Msr/Obs,Habitat,,10/11/2022 13:11,10/11/2022 13:11
IL_EPA_WQX,JRA-02,East Fork Wood River,JRA-02:06012005:1100:490:0:FM,2005-06-01,Field Msr/Obs,Habitat,,10/11/2022 13:11,10/11/2022 13:11
IL_EPA_WQX,JRA-02,East Fork Wood River,JRA-02:06261984:1000:300:1:FM,1984-06-26,Field Msr/Obs,Habitat,,10/11/2022 13:11,10/11/2022 13:11
IL_EPA_WQX,JRA-02,East Fork Wood River,JRA-02:07282010:1215:500:1:FM,2010-07-28,Field Msr/Obs,Habitat,,10/11/2022 13:11,10/11/2022 13:11
IL_EPA_WQX,JRA-02,East Fork Wood River,JRA-02:08252020:1:510,2020-08-25,Field Msr/Obs,Habitat,,9/27/2022 12:51,9/27/2022 12:51
IL_EPA_WQX,JRA-02,East Fork Wood River,JRA-02:08252020:Normal,2020-08-25,Field Msr/Obs,Habitat,,10/12/2022 10:08,10/12/2022 10:08
IL_EPA_WQX,JRA-02,East Fork Wood River,JRA-02:09181998:1300:600:1:FM,1998-09-18,Field Msr/Obs,Habitat,,10/11/2022 13:11,10/11/2022 13:11
IL_EPA_WQX,JRA-02,East Fork Wood River,JRA-02:201007281215:FM,2010-07-28,Field Msr/Obs,Habitat,,9/15/2022 12:59,9/15/2022 13:36
IL_EPA_WQX,JRA-02,East Fork Wood River,JRA-02:201507201000:FM,2015-07-20,Field Msr/Obs,Habitat,,9/15/2022 12:59,9/15/2022 13:36
IL_EPA_WQX,JRA-02,East Fork Wood River,JRA-02:202008250930:FM,2020-08-25,Field Msr/Obs,Habitat,,9/15/2022 15:06,9/15/2022 15:27
IL_EPA_WQX,JRA-OL-A1,East Fork Wood River,JRA-OL-A1:07231990:1120:-1:2:FM,1990-07-23,Field Msr/Obs,Habitat,,10/11/2022 13:11,10/11/2022 13:11
IL_EPA_WQX,JRA-OL-C1,East Fork Wood River,JRA-OL-C1:07231990:1350:-1:2:FM,1990-07-23,Field Msr/Obs,Habitat,,10/11/2022 13:11,10/11/2022 13:11
IL_EPA_WQX,JRB-01,West Fork Wood River,JRB-01:06012005:0900:460:1:FM,2005-06-01,Field Msr/Obs,Habitat,,10/11/2022 13:11,10/11/2022 13:11
IL_EPA_WQX,JRB-01,West Fork Wood River,JRB-01:08022010:1000:435:1:FM,2010-08-02,Field Msr/Obs,Habitat,,10/11/2022 13:11,10/11/2022 13:11
IL_EPA_WQX,JRB-01,West Fork Wood River,JRB-01:08252020:1:525,2020-08-25,Field Msr/Obs,Habitat,,9/27/2022 12:51,9/27/2022 12:51
IL_EPA_WQX,JRB-01,West Fork Wood River,JRB-01:08252020:Normal,2020-08-25,Field Msr/Obs,Habitat,,10/12/2022 10:08,10/12/2022 10:08
IL_EPA_WQX,JRB-01,West Fork Wood River,JRB-01:201008021000:FM,2010-08-02,Field Msr/Obs,Habitat,,9/15/2022 12:59,9/15/2022 13:36
IL_EPA_WQX,JRB-01,West Fork Wood River,JRB-01:201507201300:FM,2015-07-20,Field Msr/Obs,Habitat,,9/15/2022 12:59,9/15/2022 13:36
IL_EPA_WQX,JRB-01,West Fork Wood River,JRB-01:202008251215:FM,2020-08-25,Field Msr/Obs,Habitat,,9/15/2022 15:06,9/15/2022 15:27
IL_EPA_WQX,JRB-OL-D1,West Fork Wood River,JRB-OL-D1:07231990:1450:-1:2:FM,1990-07-23,Field Msr/Obs,Habitat,,10/11/2022 13:11,10/11/2022 13:11
IL_EPA_WQX,JV-01,Piasa Creek,JV-01:06251984:1000:380:1:FM,1984-06-25,Field Msr/Obs,Habitat,,10/11/2022 13:11,10/11/2022 13:11
IL_EPA_WQX,JV-01,Piasa Creek,JV-01:07252005:1300:583:1:FM,2005-07-25,Field Msr/Obs,Habitat,,10/11/2022 13:11,10/11/2022 13:11
IL_EPA_WQX,JV-01,Piasa Creek,JV-01:08202020:1:460,2020-08-20,Field Msr/Obs,Habitat,,9/27/2022 12:51,9/27/2022 12:51
IL_EPA_WQX,JV-01,Piasa Creek,JV-01:08202020:Normal,2020-08-20,Field Msr/Obs,Habitat,,10/12/2022 10:08,10/12/2022 10:08
IL_EPA_WQX,JV-01,Piasa Creek,JV-01:09151998:1645:720:1:FM,1998-09-15,Field Msr/Obs,Habitat,,10/11/2022 13:11,10/11/2022 13:11
IL_EPA_WQX,JV-01,Piasa Creek,JV-01:201508120915:FM,2015-08-12,Field Msr/Obs,Habitat,,9/15/2022 12:59,9/15/2022 13:36
IL_EPA_WQX,JV-01,Piasa Creek,JV-01:202008201000:FM,2020-08-20,Field Msr/Obs,Habitat,,9/15/2022 15:06,9/15/2022 15:27
IL_EPA_WQX,JV-02,Piasa Creek,JV-02:08022010:1400:550:1:FM,2010-08-02,Field Msr/Obs,Habitat,,10/11/2022 13:11,10/11/2022 13:11
IL_EPA_WQX,JV-02,Piasa Creek,JV-02:201008021400:FM,2010-08-02,Field Msr/Obs,Habitat,,9/15/2022 12:59,9/15/2022 13:36
IL_EPA_WQX,JVA-01,Mill Creek,JVA-01:06012005:1400:400:1:FM,2005-06-01,Field Msr/Obs,Habitat,,10/11/2022 13:11,10/11/2022 13:11
IL_EPA_WQX,JVA-01,Mill Creek,JVA-01:08202020:1:780,2020-08-20,Field Msr/Obs,Habitat,,9/27/2022 12:51,9/27/2022 12:51
IL_EPA_WQX,JVA-01,Mill Creek,JVA-01:08202020:Normal,2020-08-20,Field Msr/Obs,Habitat,,10/12/2022 10:08,10/12/2022 10:08
IL_EPA_WQX,JVA-01,Mill Creek,JVA-01:09082010:1300:435:1:FM,2010-09-08,Field Msr/Obs,Habitat,,10/11/2022 13:11,10/11/2022 13:11
IL_EPA_WQX,JVA-01,Mill Creek,JVA-01:201009081300:FM,2010-09-08,Field Msr/Obs,Habitat,,9/15/2022 12:59,9/15/2022 13:36
IL_EPA_WQX,JVA-01,Mill Creek,JVA-01:201507271130:FM,2015-07-27,Field Msr/Obs,Habitat,,9/15/2022 12:59,9/15/2022 13:36
IL_EPA_WQX,JVA-01,Mill Creek,JVA-01:202008201300:FM,2020-08-20,Field Msr/Obs,Habitat,,9/15/2022 15:06,9/15/2022 15:27
IL_EPA_WQX,JVC-01,Little Piasa Creek,JVC-01:06251984:1500:200:1:FM,1984-06-25,Field Msr/Obs,Habitat,,10/11/2022 13:11,10/11/2022 13:11
IL_EPA_WQX,JZGA-01,Fults Creek,JZGA-01:08262020:1:440,2020-08-26,Field Msr/Obs,Habitat,,9/27/2022 12:51,9/27/2022 12:51
IL_EPA_WQX,JZGA-01,Fults Creek,JZGA-01:08262020:Normal,2020-08-26,Field Msr/Obs,Habitat,,10/12/2022 10:08,10/12/2022 10:08
IL_EPA_WQX,JZGA-01,Fults Creek,JZGA-01:202008260930:FM,2020-08-26,Field Msr/Obs,Habitat,,9/15/2022 15:06,9/15/2022 15:27
